Disney,"500 S Buena Vista St, Burbank, CA 91521",1234
Pixar,"1200 Park Ave, Emeryville, CA 94608",4567
Pinewood,"Pinewood Rd, Slough, Iver SL0 0NH",78910
Paramount,"5555 Melrose Ave, Los Angeles, CA 90038",6789
Scott Rudin Productions,"120 W. 45th St., 10th Fl., New York, New York 10036",3456
River Road,2000 Avenue of the Stars Suite 620-N Los Angeles,4712
Participant Media ,"3520 Wesley Street, Culver City, CA 90232",5123
Fox,"10201 Pico Blvd, Los Angeles, CA 90064",3310
A24,"31 West 27th Street, New York City",1748
Village Roadshows,"Entertainment Rd, Oxenford, Queensland 4210, AU",8634
Warner Bros. ,"4000 Warner Blvd., Burbank, CA 91522",6035
A Band Apart,"10100 Santa Monica Blvd., Los Angeles, CA 90067",7654
Summit Enterprises,"1630 Stewart Street Suite 120 Santa Monica, CA 90404 ",5123
Marvel Enterprises,"135 W 50th St. New York, NY 10020 ",6362
Little Star Pruductions,"25 Whitlam Ave Unit 3, Etobicoke, ON M8V2K1",8871
MGM,"245 N Beverly Dr. Beverly Hills, CA 90210",5555
