"10-93/11-94 Musikvideos aus Österreich (1994)","10-93/11-94 Musikvideos aus Österreich",1994
"100 Pigmies and Andy Panda (1940)","100 Pigmies and Andy Panda",1940
"1857 (1946)","1857",1946
"2 On 1 (1998) (V)","2 On 1",1998
"2º Centenário do Jardim Guerra Junqueiro (1952)","2º Centenário do Jardim Guerra Junqueiro",1952
"3 - 4 Ever (1996)","3 - 4 Ever",1996
"34-j skoryj (1981)","34-j skoryj",1981
"4 aventures de Reinette et Mirabelle (1987)","4 aventures de Reinette et Mirabelle",1987
"58.2/B (1958)","58.2/B",1958
"9:30 (2003)","9:30",2003
"A kuca zvoni li zvoni (1971)","A kuca zvoni li zvoni",1971
"A.-B. gifta bort baron Olson (1928)","A.-B. gifta bort baron Olson",1928
"A&E Biography: Caligula - Reign of Madness (2000) (TV)","A&E Biography: Caligula - Reign of Madness",2000
"Abhimanavanthulu (1973)","Abhimanavanthulu",1973
"Abismo","Abismo",1953
"Accidente (1965)","Accidente",1965
"Adam och Eva (1964) (TV)","Adam och Eva",1964
"Addicted to Love (1988)","Addicted to Love",1988
"Addio a Enrico Berlinguer, L' (1984)","Addio a Enrico Berlinguer, L'",1984
"Adieu (2003)","Adieu",2003
"Adieu au pirate, L' (2003)","Adieu au pirate, L'",2003
"Adventures of Mark & Brian, The","Adventures of Mark & Brian, The",1992
"Adventures of Pow Wow, The","Adventures of Pow Wow, The",1949
"Adventures of Sam, The","Adventures of Sam, The",1997
"Aeg maha (1984)","Aeg maha",1984
"Agroindustrijska proizvodnja hrane u Jugoslaviji (1977)","Agroindustrijska proizvodnja hrane u Jugoslaviji",1977
"Agujetas en el alma (1998)","Agujetas en el alma",1998
"Ai xia ji (1955)","Ai xia ji",1955
"Air-Tight (1931)","Air-Tight",1931
"Aircraft Wood Repair, Part 2: Stiffener Patch (1943)","Aircraft Wood Repair, Part 2: Stiffener Patch",1943
"Ajia himitsu keisatsu (1966)","Ajia himitsu keisatsu",1966
"Akai yuhi ni terasarete (1925)","Akai yuhi ni terasarete",1925
"Akitsu onsen (1962)","Akitsu onsen",1962
"Alavuddinum Athbutha Vilakkum (1979)","Alavuddinum Athbutha Vilakkum",1979
"Albert Einstein (1990) (TV)","Albert Einstein",1990
"Aldrig mera krig (1984)","Aldrig mera krig",1984
"All Mine to Give (1958)","All Mine to Give",1958
"All or Nothing (1998)","All or Nothing",1998
"All Wet (1930)","All Wet",1930
"Alquibla","Alquibla",1988
"Amantes frios, Los (1978)","Amantes frios, Los",1978
"Amanti (1968)","Amanti",1968
"Amants du Tage, Les (1955)","Amants du Tage, Les",1955
"Amar Raj (1946)","Amar Raj",1946
"Amartoles (1962)","Amartoles",1962
"Amateurs, Les (1990)","Amateurs, Les",1990
"Amatér (1967) (TV)","Amatér",1967
"Amazing Vacation Homes (2004) (TV)","Amazing Vacation Homes",2004
"Amerikai cigaretta (1977)","Amerikai cigaretta",1977
"Amiche del cuore, Le (1992)","Amiche del cuore, Le",1992
"Amore imperfetto, L' (2002)","Amore imperfetto, L'",2002
"Amoureux, Les (1994)","Amoureux, Les",1994
"Anal-Europe Series 7, The (1994) (V)","Anal-Europe Series 7, The",1994
"Anarchy TV (1997)","Anarchy TV",1997
"Andel milosrdenství (1994)","Andel milosrdenství",1994
"Andere kant, De (1988)","Andere kant, De",1988
"Andy Clyde Gets Spring Chicken (1939)","Andy Clyde Gets Spring Chicken",1939
"Angela ja ajan tuulet","Angela ja ajan tuulet",1999
"Anna - annA (1993)","Anna - annA",1993
"Anthea Turner Body Basics (1996) (V)","Anthea Turner Body Basics",1996
"Años perdidos, Los","Años perdidos, Los",1987
"Après la pluie, le beau temps (2003)","Après la pluie, le beau temps",2003
"Arabic Numeral Series 10 (1981)","Arabic Numeral Series 10",1981
"Asesinato en tres variantes con dos incógnitas y un maniquí (1987)","Asesinato en tres variantes con dos incógnitas y un maniquí",1987
"Asian Babes 2 (1993) (V)","Asian Babes 2",1993
"Asian Street Hookers 26 (2002) (V)","Asian Street Hookers 26",2002
"Assassin (1997)","Assassin",1997
"Assman 5 (1998) (V)","Assman 5",1998
"At Bertram's Hotel (1987) (TV)","At Bertram's Hotel",1987
"Ata quheshin Arbër (1973)","Ata quheshin Arbër",1973
"Atomic Kid, The (1954)","Atomic Kid, The",1954
"Atrapados (1985)","Atrapados",1985
"Auction Block, The (1917)","Auction Block, The",1917
"Auge für Auge (1998) (TV)","Auge für Auge",1998
"Ava's Magical Adventure (1994)","Ava's Magical Adventure",1994
"Away in the Lead (1925)","Away in the Lead",1925
"Az én mozim","Az én mozim",1997
"Água e Sal (2002)","Água e Sal",2002
"Ángeles de Puebla, Los (1968)","Ángeles de Puebla, Los",1968
"Áradat (1971) (TV)","Áradat",1971
"À la vitesse d'un cheval au galop (1992)","À la vitesse d'un cheval au galop",1992
"Ångsjömannen (1999) (V)","Ångsjömannen",1999
"Babes in the Woods (1911)","Babes in the Woods",1911
"Babyroussa the Babiroussa (1994)","Babyroussa the Babiroussa",1994
"Bach détective (1936)","Bach détective",1936
"Bacharach: One Amazing Night (1998) (TV)","Bacharach: One Amazing Night",1998
"Back Stage (1923)","Back Stage",1923
"Bad, the Mad and the Maddest One, The (2000)","Bad, the Mad and the Maddest One, The",2000
"Badía y Cia","Badía y Cia",1987
"Ballet mécanique (1924)","Ballet mécanique",1924
"Banda de Cantaniño, La","Banda de Cantaniño, La",2002
"Bangkok-Africa-Turkey Connection (1993)","Bangkok-Africa-Turkey Connection",1993
"Bare Ass Beach (1994) (V)","Bare Ass Beach",1994
"Bargain, The (1912)","Bargain, The",1912
"Barrings, Die (1955)","Barrings, Die",1955
"Basta Tricycle Driver... Sweet Lover (2000)","Basta Tricycle Driver... Sweet Lover",2000
"Bat Whispers, The (1930)","Bat Whispers, The",1930
"Battle of the Network Stars (2003) (TV)","Battle of the Network Stars",2003
"Beach House, The (1967)","Beach House, The",1967
"Beau temps mais orageux en fin de journée (1986)","Beau temps mais orageux en fin de journée",1986
"Beer (1985)","Beer",1985
"Before and After the Monsoon (1985) (TV)","Before and After the Monsoon",1985
"Beggar Maid, The (1921)","Beggar Maid, The",1921
"Behind Closed Doors (2002) (TV)","Behind Closed Doors",2002
"Behind the Green Door, the Sequel (1986)","Behind the Green Door, the Sequel",1986
"Bell Hoppy (1954)","Bell Hoppy",1954
"Best of Breasts 3 (1995) (V)","Best of Breasts 3",1995
"Bibó breviarium (2002)","Bibó breviarium",2002
"Big Boss (1965)","Big Boss",1965
"Big Idea, The (1934)","Big Idea, The",1934
"Big Pile, The (1985)","Big Pile, The",1985
"Big Tip Off, The (1955)","Big Tip Off, The",1955
"Bikini Beach (1993) (V)","Bikini Beach",1993
"Billy Jack: The E! True Hollywood Story (2000) (TV)","Billy Jack: The E! True Hollywood Story",2000
"Bint min el banat (1968)","Bint min el banat",1968
"Black Butt Sisters Do New Orleans, The (1995) (V)","Black Butt Sisters Do New Orleans, The",1995
"Black Thunder (1997)","Black Thunder",1997
"Blacksmith, The (1922)","Blacksmith, The",1922
"Blaulicht - Kindermörder (1960) (TV)","Blaulicht - Kindermörder",1960
"Blume der Hausfrau, Die (1999)","Blume der Hausfrau, Die",1999
"Blutjunge Verführerinnen 2 (1972)","Blutjunge Verführerinnen 2",1972
"Bobby Jones, Stroke of Genius (2004)","Bobby Jones, Stroke of Genius",2004
"Bondage of Barbara, The (1919)","Bondage of Barbara, The",1919
"Boobs in Arms (1940)","Boobs in Arms",1940
"Boogie Woogie","Boogie Woogie",-1
"Booty and the Beast (1953)","Booty and the Beast",1953
"Bossu, Le (1934)","Bossu, Le",1934
"Boyclops (2004)","Boyclops",2004
"Boys Life 2 (1997)","Boys Life 2",1997
"Boys of St. Vincent, The (1992) (TV)","Boys of St. Vincent, The",1992
"Bradys, The","Bradys, The",1990
"Brand from Burning, The (1913)","Brand from Burning, The",1913
"Brændt a' (1919)","Brændt a'",1919
"Breakin' (1984)","Breakin'",1984
"BreakThrough: The Changing Face of Science in America","BreakThrough: The Changing Face of Science in America",1996
"Brigadista, El (1977)","Brigadista, El",1977
"Brigitte Nielsen: The E! True Hollywood Story (2000) (TV)","Brigitte Nielsen: The E! True Hollywood Story",2000
"Bromo and Juliet (1926)","Bromo and Juliet",1926
"Bulung-Bulungan (1962)","Bulung-Bulungan",1962
"Burglar, The (1928)","Burglar, The",1928
"Burnt Wings (1920)","Burnt Wings",1920
"Burr's Novelty Review No. 1 (1922)","Burr's Novelty Review No. 1",1922
"Butterfly (1995)","Butterfly",1995
"Buzos diamantistas, Los (1988)","Buzos diamantistas, Los",1988
"Bücher (1986)","Bücher",1986
"Cactus Jim's Shopgirl (1915)","Cactus Jim's Shopgirl",1915
"Cafe Fantasy (1996)","Cafe Fantasy",1996
"Caja 507, La (2002)","Caja 507, La",2002
"Caleidoscopio, El (2004)","Caleidoscopio, El",2004
"Cap'n Eri (1915)","Cap'n Eri",1915
"Caperucita roja, La (1947)","Caperucita roja, La",1947
"Caravan (2002)","Caravan",2002
"Card of Destiny (1928)","Card of Destiny",1928
"Carnal Passion (2001) (V)","Carnal Passion",2001
"Carnaval em Lourenço Marques (1964)","Carnaval em Lourenço Marques",1964
"Carnaval no Paris, O (1933)","Carnaval no Paris, O",1933
"Carol (1970)","Carol",1970
"Casamiento de Chichilo, El (1938)","Casamiento de Chichilo, El",1938
"Casting de maduras (2001) (V)","Casting de maduras",2001
"Cat in the Hat, The (1971) (TV)","Cat in the Hat, The",1971
"Cat's Whiskers, The (1925)","Cat's Whiskers, The",1925
"Catching a Runaway Team (1897)","Catching a Runaway Team",1897
"Ce que les Flots Racontent (1916)","Ce que les Flots Racontent",1916
"Celebrity Billiards","Celebrity Billiards",1967
"Centennial Highlights (1975)","Centennial Highlights",1975
"Chamkee (1952)","Chamkee",1952
"Chann Pardesi (1980)","Chann Pardesi",1980
"Chansons ont leur destin (1953)","Chansons ont leur destin",1953
"Cheveux de ma mère, Les (2004)","Cheveux de ma mère, Les",2004
"Chickboxin Underground (1999)","Chickboxin Underground",1999
"Chikago in zwei Hälften (1968)","Chikago in zwei Hälften",1968
"Chirveuli mezoblebi (1945)","Chirveuli mezoblebi",1945
"Chompin' at the Bit (1997) (V)","Chompin' at the Bit",1997
"Chwila wspomnien: rok 1956/1957 (1964)","Chwila wspomnien: rok 1956/1957",1964
"Cine ma striga? (1979)","Cine ma striga?",1979
"Clash of the Ash, The (1987)","Clash of the Ash, The",1987
"Clemi flüchtet (1994)","Clemi flüchtet",1994
"Club de señoritas (1956)","Club de señoritas",1956
"Coeurs de couleur (1989)","Coeurs de couleur",1989
"Cold Clues: Guilty Conscience (2002) (TV)","Cold Clues: Guilty Conscience",2002
"Colgate Comedy Hour, The","Colgate Comedy Hour, The",1955
"Colombes, Les (1972)","Colombes, Les",1972
"Comedy Club All-Star 4 with Woody Harrelson (1990) (TV)","Comedy Club All-Star 4 with Woody Harrelson",1990
"Comedy Tonight","Comedy Tonight",1970
"Como Se Fabrica o Sabão (1935)","Como Se Fabrica o Sabão",1935
"Comrades of Summer, The (1992) (TV)","Comrades of Summer, The",1992
"Consultation, La (1985)","Consultation, La",1985
"Conte à regler (1978)","Conte à regler",1978
"Contestatarios (Poemágenes 1) (1975)","Contestatarios (Poemágenes 1)",1975
"Cook's Revenge (1916)","Cook's Revenge",1916
"Corbeau et le renard, Le (1969)","Corbeau et le renard, Le",1969
"Corinna Pabst - Fünf Kinder brauchen eine Mutter (1997) (TV)","Corinna Pabst - Fünf Kinder brauchen eine Mutter",1997
"Corrida de Vicente Segura y Cocherito de Bilbao (1911)","Corrida de Vicente Segura y Cocherito de Bilbao",1911
"Cowboy uit Iran (1999) (TV)","Cowboy uit Iran",1999
"Cricket Requiem (1999)","Cricket Requiem",1999
"Crime Takes a Holiday (1938)","Crime Takes a Holiday",1938
"Critical Assembly (2003) (TV)","Critical Assembly",2003
"Crni kisobran (1969)","Crni kisobran",1969
"Cross Country Run (1929)","Cross Country Run",1929
"Cross, The (1911)","Cross, The",1911
"Crónica de un extraño (1998)","Crónica de un extraño",1998
"Cry for Help: The Tracey Thurman Story, A (1989) (TV)","Cry for Help: The Tracey Thurman Story, A",1989
"CTV","CTV",-1
"Cumback Pussy 21 (1999) (V)","Cumback Pussy 21",1999
"Custody (2000)","Custody",2000
"Customers Wanted (1939)","Customers Wanted",1939
"Cutter to Houston","Cutter to Houston",1983
"Czas nadziei (1987)","Czas nadziei",1987
"Daikaijû Gamera (1965)","Daikaijû Gamera",1965
"Dakot Shel Tehila","Dakot Shel Tehila",2001
"Dame de lieudit, La (1993) (TV)","Dame de lieudit, La",1993
"Dame von Paris, Die (1927)","Dame von Paris, Die",1927
"Dance Comique (1945)","Dance Comique",1945
"Danchizuma hiasobi (1973)","Danchizuma hiasobi",1973
"Dao xi bei qu (1934)","Dao xi bei qu",1934
"Day & Date","Day & Date",-1
"Dead Sea Scrolls: Unraveling the Mystery (1998) (TV)","Dead Sea Scrolls: Unraveling the Mystery",1998
"Dead Wrong: The John Evans Story (1984) (TV)","Dead Wrong: The John Evans Story",1984
"Deadlock: A Passion for Murder (1997)","Deadlock: A Passion for Murder",1997
"Death of a Demon, The (2000)","Death of a Demon, The",2000
"Dekontaminacija bojnih otrova (1971)","Dekontaminacija bojnih otrova",1971
"Demon Possessed (1993)","Demon Possessed",1993
"Demonismeni, I (1975)","Demonismeni, I",1975
"Dernier mot, Le (1991) (TV)","Dernier mot, Le",1991
"Derren Brown Plays Russian Roulette Live (2003) (TV)","Derren Brown Plays Russian Roulette Live",2003
"Dertli irmak (1958)","Dertli irmak",1958
"Desert of Fear (1993) (V)","Desert of Fear",1993
"Décalages au Palais des Glaces (1997) (V)","Décalages au Palais des Glaces",1997
"Digging for Dutch: The Search for the Lost Treasure of Dutch Schultz (2001)","Digging for Dutch: The Search for the Lost Treasure of Dutch Schultz",2001
"Dinner Date 1 (2002) (TV)","Dinner Date 1",2002
"Diva et pianiste (2000)","Diva et pianiste",2000
"Dive to Shark City with Neil Morrissey (1999) (TV)","Dive to Shark City with Neil Morrissey",1999
"Dny a noci (1953) (TV)","Dny a noci",1953
"Do Not Disturb (1999)","Do Not Disturb",1999
"Dollar's Worth, A (1921)","Dollar's Worth, A",1921
"Don Juan (1998)","Don Juan",1998
"Dottoressa sotto il lenzuolo, La (1976)","Dottoressa sotto il lenzuolo, La",1976
"Double Deal (1950)","Double Deal",1950
"Double Down (1993) (V)","Double Down",1993
"Drag My Feat (2003)","Drag My Feat",2003
"Dream Jeans (1987)","Dream Jeans",1987
"Dreimal die Woche... (1994) (TV)","Dreimal die Woche...",1994
"Drevená balada (1976)","Drevená balada",1976
"Drittes Reich, Ein (1975)","Drittes Reich, Ein",1975
"Dronningens nytårstale (1999) (TV)","Dronningens nytårstale",1999
"Drugi kongres komunisticke partije Srbije (1949)","Drugi kongres komunisticke partije Srbije",1949
"Drummer's Vacation, The (1912)","Drummer's Vacation, The",1912
"Duhat na bashta mi (1998) (TV)","Duhat na bashta mi",1998
"Dumb Luck (1926)","Dumb Luck",1926
"Dumm gelaufen (1997)","Dumm gelaufen",1997
"Dva patrona na mamonta (1990)","Dva patrona na mamonta",1990
"East Lynne (1910)","East Lynne",1910
"East Side, West Side (1927)","East Side, West Side",1927
"Easy Binder (1994) (V)","Easy Binder",1994
"Eclipse (1993) (V)","Eclipse",1993
"Eddie Izzard: Circle (2002) (V)","Eddie Izzard: Circle",2002
"Edge of Night, The","Edge of Night, The",1984
"Edge, The (1975)","Edge, The",1975
"Eglimata","Eglimata",1999
"Egoistes, Oi (1971)","Egoistes, Oi",1971
"Egoists, The (2003)","Egoists, The",2003
"Ehestreik (1930)","Ehestreik",1930
"Eigen haard is goud waard (1973)","Eigen haard is goud waard",1973
"Ela E os Homens (1985)","Ela E os Homens",1985
"Elephant in the Living Room (1990)","Elephant in the Living Room",1990
"Eleven P.M. (1928)","Eleven P.M.",1928
"Eli masali (1966)","Eli masali",1966
"Em Cada Coração um Punhal (1970)","Em Cada Coração um Punhal",1970
"Emmanuelle 5: A Time to Dream (1994)","Emmanuelle 5: A Time to Dream",1994
"En douane (1932)","En douane",1932
"End of the Circle, The (1913)","End of the Circle, The",1913
"Enfant du secret, L' (1996) (TV)","Enfant du secret, L'",1996
"Entre chats et loups (1985) (TV)","Entre chats et loups",1985
"Entre Mulheres e Espiões (1961)","Entre Mulheres e Espiões",1961
"Entscheidung im Eis - Eine Frau jagt den Mörder (2001) (TV)","Entscheidung im Eis - Eine Frau jagt den Mörder",2001
"Episimi agapimeni (1969)","Episimi agapimeni",1969
"Erlkönig, Der (1931)","Erlkönig, Der",1931
"Erotic Express (1983)","Erotic Express",1983
"Es geht seinen Gang oder Mühen in unserer Ebene (1981) (TV)","Es geht seinen Gang oder Mühen in unserer Ebene",1981
"Eshqe bozorg (1961)","Eshqe bozorg",1961
"Espejo público","Espejo público",-1
"Esprits de famille (1975) (TV)","Esprits de famille",1975
"Età da sballo, Un' (1983)","Età da sballo, Un'",1983
"Europa på spil (2002) (TV)","Europa på spil",2002
"European Sex Vacation (1986)","European Sex Vacation",1986
"Eyewitness to Summer, Sun & Storms (2001) (TV)","Eyewitness to Summer, Sun & Storms",2001
"Échange de femmes pour le week-end (1985)","Échange de femmes pour le week-end",1985
"È già ieri (2004)","È già ieri",2004
"Face in the Frame, The (1998)","Face in the Frame, The",1998
"Face to Face (1990) (TV)","Face to Face",1990
"Fade to Reality (1995)","Fade to Reality",1995
"Failure at Fifty, A (1940)","Failure at Fifty, A",1940
"Familia Vila, La (1950)","Familia Vila, La",1950
"Famous Ride, The (1960)","Famous Ride, The",1960
"Farba (1998)","Farba",1998
"Fast perfekt verlobt (2003) (TV)","Fast perfekt verlobt",2003
"Fat Beach Patrol (2000) (V)","Fat Beach Patrol",2000
"Fatal Flirtation, A (1914)","Fatal Flirtation, A",1914
"Fazan II (1969)","Fazan II",1969
"Fátima Viva (1982)","Fátima Viva",1982
"Feind im Blut (1931)","Feind im Blut",1931
"Feliz cumpleaños (1987)","Feliz cumpleaños",1987
"Femme papillon, La (2003)","Femme papillon, La",2003
"Férias de Laura (1986)","Férias de Laura",1986
"Fiabe della nonna, Le (1916)","Fiabe della nonna, Le",1916
"Fiction Makers, The (1968)","Fiction Makers, The",1968
"Fiesta Fiasco (1967)","Fiesta Fiasco",1967
"Finn & Co. (2002) (V)","Finn & Co.",2002
"First Child on the Moon (2001)","First Child on the Moon",2001
"Fish Story, A (1998)","Fish Story, A",1998
"Fishing with Gandhi (1998)","Fishing with Gandhi",1998
"Fjernsyn","Fjernsyn",1999
"Flat Harmony (1917)","Flat Harmony",1917
"Fleshtones (1985) (V)","Fleshtones",1985
"Flicka med melodi (1954)","Flicka med melodi",1954
"Flight Lieutenant (1942)","Flight Lieutenant",1942
"Flying Blind (1990) (TV)","Flying Blind",1990
"FN: Première traversée du Sahara en moto (1933)","FN: Première traversée du Sahara en moto",1933
"For the Good of Her Men (1912)","For the Good of Her Men",1912
"For Those Who Teach the Art of Peace (2003)","For Those Who Teach the Art of Peace",2003
"Forbidden Under the Censorship of the King (1972)","Forbidden Under the Censorship of the King",1972
"Forgotten (1933)","Forgotten",1933
"Fort 13 (1984)","Fort 13",1984
"Four Simples Rules (2003)","Four Simples Rules",2003
"Fratelli e sorelle (1991)","Fratelli e sorelle",1991
"Frau, nach der man sich sehnt, Die (1929)","Frau, nach der man sich sehnt, Die",1929
"Freight Train (1898)","Freight Train",1898
"Fremd in diesem Land (1981)","Fremd in diesem Land",1981
"Friendship Begins at Home (1949)","Friendship Begins at Home",1949
"From Dime to Dime (1960)","From Dime to Dime",1960
"Frontiers of Construction","Frontiers of Construction",1999
"Fuck Pigs 6 (2002) (V)","Fuck Pigs 6",2002
"Fun in the Glenwood Springs Pool (1902)","Fun in the Glenwood Springs Pool",1902
"Funny Boners","Funny Boners",1955
"Fünfzig Minuten (2001)","Fünfzig Minuten",2001
"Fyra nyanser av brunt (2004)","Fyra nyanser av brunt",2004
"Gag and Baggage (1952)","Gag and Baggage",1952
"Galazio diamanti, To","Galazio diamanti, To",1991
"Gebannt und erlöst (1919)","Gebannt und erlöst",1919
"Geheime Lüste blutjunger Mädchen (1978)","Geheime Lüste blutjunger Mädchen",1978
"Geile Früchtchen (1992) (V)","Geile Früchtchen",1992
"General Hospital","General Hospital",-1
"Genocide Factor, The","Genocide Factor, The",2000
"Gesundheit (1978) (TV)","Gesundheit",1978
"Ghost in the House (1988)","Ghost in the House",1988
"Ghosts of the Past (1991) (TV)","Ghosts of the Past",1991
"Gigli (2003)","Gigli",2003
"Ginevra (1992)","Ginevra",1992
"Girls (1919)","Girls",1919
"Glückliche Zeiten (1976)","Glückliche Zeiten",1976
"Go-Go-Girl vom Blow Up, Das (1969)","Go-Go-Girl vom Blow Up, Das",1969
"God's Gonna Trouble the Water (1998) (TV)","God's Gonna Trouble the Water",1998
"Going Places with Lowell Thomas, #28 (1936)","Going Places with Lowell Thomas, #28",1936
"Going Some (1914)","Going Some",1914
"Goldsucher von Arkansas, Die (1964)","Goldsucher von Arkansas, Die",1964
"Good Shepherd, The (2004)","Good Shepherd, The",2004
"Good Sport, The (1918)","Good Sport, The",1918
"Good, the Bad & the Innocent, The (2001)","Good, the Bad & the Innocent, The",2001
"Gore: Ultimate Soldier (2002) (VG)","Gore: Ultimate Soldier",2002
"Grand Central Murder (1942)","Grand Central Murder",1942
"Grande Família, A","Grande Família, A",1973
"Grandes ilusiones","Grandes ilusiones",1963
"Grandma Didn't Wave Back (1984) (TV)","Grandma Didn't Wave Back",1984
"Grass Arena, The (1991)","Grass Arena, The",1991
"Great Pearl Tangle, The (1916)","Great Pearl Tangle, The",1916
"Greatest, The (1977)","Greatest, The",1977
"Grihasthi (1963)","Grihasthi",1963
"Groeiperikelen (1985)","Groeiperikelen",1985
"Groeten uit Finsterwalde (1997)","Groeten uit Finsterwalde",1997
"Grüne Heinrich, Der (1994)","Grüne Heinrich, Der",1994
"Guardian System, The (1986) (TV)","Guardian System, The",1986
"Guardian's Luck, A (1912)","Guardian's Luck, A",1912
"Guépiot, Le (1981)","Guépiot, Le",1981
"Gulliver's Travels (2004)","Gulliver's Travels",2004
"Gun, a Car, a Blonde, A (1997)","Gun, a Car, a Blonde, A",1997
"Guns of August, The (1964)","Guns of August, The",1964
"Gurama-to no yuwaku (1959)","Gurama-to no yuwaku",1959
"Gusher, The (1913)","Gusher, The",1913
"H.O.P.L.A.","H.O.P.L.A.",1982
"Haida Carver (1964)","Haida Carver",1964
"Halfway to Heaven and Hell (2003)","Halfway to Heaven and Hell",2003
"Hampton Court Palace (1926)","Hampton Court Palace",1926
"Handsworth Songs (1986)","Handsworth Songs",1986
"Handvoll Gras, Eine (2000)","Handvoll Gras, Eine",2000
"Happy Go Lovely (1951)","Happy Go Lovely",1951
"Happy Hooligan Has Troubles with the Cook (1901)","Happy Hooligan Has Troubles with the Cook",1901
"Hard to Thrill (1991) (V)","Hard to Thrill",1991
"Hardesty House","Hardesty House",1986
"Harry and Max (2004)","Harry and Max",2004
"Harvest (1953) (TV)","Harvest",1953
"Hatsukoi no koro (1925)","Hatsukoi no koro",1925
"Hatta naltaki (1958)","Hatta naltaki",1958
"Hatyare (1989)","Hatyare",1989
"He Wai","He Wai",2001
"He Won a Ranch (1914)","He Won a Ranch",1914
"Heart of New York, The (1901)","Heart of New York, The",1901
"Hei dai chou (1973)","Hei dai chou",1973
"Help!","Help!",1988
"Hemliga Svensson (1933)","Hemliga Svensson",1933
"Hemmeligheder (1997)","Hemmeligheder",1997
"Her Friend, the Doctor (1916)","Her Friend, the Doctor",1916
"Here I Am (1962)","Here I Am",1962
"Het is de Schraapzucht, gentlemen (1996) (TV)","Het is de Schraapzucht, gentlemen",1996
"Heten, mint a gonoszok (1943)","Heten, mint a gonoszok",1943
"Hey Babe! (1980)","Hey Babe!",1980
"Hey There, It's Yogi Bear (1964)","Hey There, It's Yogi Bear",1964
"Highway 61 (1991)","Highway 61",1991
"Hija del hacendado, La (1997) (V)","Hija del hacendado, La",1997
"Historias Cortas de Madrid (1999)","Historias Cortas de Madrid",1999
"Hit the Deck (1955)","Hit the Deck",1955
"Hjem til fem","Hjem til fem",1995
"Hobbies: Model Bus Collector (2002)","Hobbies: Model Bus Collector",2002
"Hocu zivjeti (1982)","Hocu zivjeti",1982
"Hoempapa (1965)","Hoempapa",1965
"Hoero! Tekken (1982)","Hoero! Tekken",1982
"Holiday for Sinners (1952)","Holiday for Sinners",1952
"Holt of the Secret Service (1941)","Holt of the Secret Service",1941
"Hombre del Gran Río, El (1980)","Hombre del Gran Río, El",1980
"Hombres cultos, Los (1972)","Hombres cultos, Los",1972
"Home Is the Hero (1959)","Home Is the Hero",1959
"Hook Up, The (2003)","Hook Up, The",2003
"Horse Power (2002)","Horse Power",2002
"Hot Foot (1922)","Hot Foot",1922
"Hot Foot (1943)","Hot Foot",1943
"Huan le ren jian (1959)","Huan le ren jian",1959
"Humphrey Bogart and Lauren Bacall (2000) (TV)","Humphrey Bogart and Lauren Bacall",2000
"Hungry Bachelors Club, The (1999)","Hungry Bachelors Club, The",1999
"Hurlevent (1985)","Hurlevent",1985
"I Could Go on Singing (1963)","I Could Go on Singing",1963
"I Must Have a Name (1978)","I Must Have a Name",1978
"I treti (1978) (TV)","I treti",1978
"I Was a Communist for the FBI (1951)","I Was a Communist for the FBI",1951
"Ibiza (1962)","Ibiza",1962
"Ich schenk dir die Sterne (1991)","Ich schenk dir die Sterne",1991
"Ichigensan (1999)","Ichigensan",1999
"Identity-Kid (1988) (TV)","Identity-Kid",1988
"Idu Namma Alu (1988)","Idu Namma Alu",1988
"Ifugao (1954)","Ifugao",1954
"Ijô no hitobito: Densetsuno nijino sankyôdai (1993)","Ijô no hitobito: Densetsuno nijino sankyôdai",1993
"Ila Ayn (1958)","Ila Ayn",1958
"Ildikó Szabó (1999)","Ildikó Szabó",1999
"Illusion in Moll (1952)","Illusion in Moll",1952
"Im Auto durch zwei Welten (1929)","Im Auto durch zwei Welten",1929
"Im Schlaraffenland (1965) (TV)","Im Schlaraffenland",1965
"Imphy, capitale de la France (1995)","Imphy, capitale de la France",1995
"Importance of Goals, The (1951)","Importance of Goals, The",1951
"Improper Conduct (2003) (V)","Improper Conduct",2003
"In the City (2001)","In the City",2001
"In the Mind of...","In the Mind of...",2000
"Inauguration de la statue Rogier, Place de la Liberté (1897)","Inauguration de la statue Rogier, Place de la Liberté",1897
"Indio Pluma Roja, El (1975)","Indio Pluma Roja, El",1975
"Inferno, L' (1909)","Inferno, L'",1909
"Infidelities (1983) (TV)","Infidelities",1983
"Ingen mans kvinna (1953)","Ingen mans kvinna",1953
"Inner Glow of Things, The (2003)","Inner Glow of Things, The",2003
"Intimate Portrait: Bonnie Franklin (2003) (TV)","Intimate Portrait: Bonnie Franklin",2003
"Intrepid Journeys","Intrepid Journeys",2003
"Isis Blue 2 (1998) (V)","Isis Blue 2",1998
"Isle of Abandoned Hope (1914)","Isle of Abandoned Hope",1914
"Ispanska muha (1998)","Ispanska muha",1998
"It's a Boy (1920)","It's a Boy",1920
"Italiane e l'amore, Le (1961)","Italiane e l'amore, Le",1961
"Iza néni (1933)","Iza néni",1933
"Izmir sokaklarinda (1953)","Izmir sokaklarinda",1953
"Jack o kavalaris (1979)","Jack o kavalaris",1979
"Jagd nach der Wahrheit, Die (1920)","Jagd nach der Wahrheit, Die",1920
"Jagratha (1989)","Jagratha",1989
"Jake 2.0: The Tech (2003) (TV)","Jake 2.0: The Tech",2003
"Jawbreakers (2001) (V)","Jawbreakers",2001
"Jeolbeun poong gin ibyeol (1984)","Jeolbeun poong gin ibyeol",1984
"Jeolmeun shigyetab (1982)","Jeolmeun shigyetab",1982
"Jersey, The","Jersey, The",1999
"Jesse Hawkes","Jesse Hawkes",1989
"Jiang hu qi xia (1950)","Jiang hu qi xia",1950
"Jiang shi zhi zun (1987)","Jiang shi zhi zun",1987
"Jin ye bu she fang","Jin ye bu she fang",1989
"Jiraiya (Ninjutsu sanyôden) (1937)","Jiraiya (Ninjutsu sanyôden)",1937
"John and the Missus (1987)","John and the Missus",1987
"Jones & Jury","Jones & Jury",1994
"Josse (1974) (TV)","Josse",1974
"Joyu to shijin (1935)","Joyu to shijin",1935
"Juan Farías, el super hincha (2000)","Juan Farías, el super hincha",2000
"Judging Ladies' Saddle Horses (1899)","Judging Ladies' Saddle Horses",1899
"Junior Cursillo (1968)","Junior Cursillo",1968
"Junky's Christmas, The (1993)","Junky's Christmas, The",1993
"Just a Little Bull (1940)","Just a Little Bull",1940
"Just Jim (1915)","Just Jim",1915
"Kabare 011","Kabare 011",1997
"Kadambari (1976)","Kadambari",1976
"Kara gözlüm efkarlanma (1968)","Kara gözlüm efkarlanma",1968
"Karaoglan - Camoka'nin intikami (1966)","Karaoglan - Camoka'nin intikami",1966
"Kasefet, Ha-","Kasefet, Ha-",2000
"Kata (1990)","Kata",1990
"Katzensteg, Der (1915)","Katzensteg, Der",1915
"Käyntikorttini... (1964)","Käyntikorttini...",1964
"Ke chuan fu ren (1953)","Ke chuan fu ren",1953
"Keep Posted","Keep Posted",1954
"Keep Your Mouth Shut (1944)","Keep Your Mouth Shut",1944
"Khedda (1929)","Khedda",1929
"Kibris volkani (1965)","Kibris volkani",1965
"Kickboxer from Hell (1992)","Kickboxer from Hell",1992
"Killers, The (1964)","Killers, The",1964
"King and Me, The (1999)","King and Me, The",1999
"Kinyoubi no tsumatachie II: Otokotachi yo genki kai?","Kinyoubi no tsumatachie II: Otokotachi yo genki kai?",1984
"Kishiwada shônen gurentai: Chikemuri junjô-hen (1997)","Kishiwada shônen gurentai: Chikemuri junjô-hen",1997
"Kislalar doldu bugün (1968)","Kislalar doldu bugün",1968
"Knight Rider (1982) (TV)","Knight Rider",1982
"Knight Rider (2008)","Knight Rider",2008
"Knud Faber (1936)","Knud Faber",1936
"Komischer Heiliger, Ein (1979)","Komischer Heiliger, Ein",1979
"Kongelig familie, En","Kongelig familie, En",2003
"Korea (1954)","Korea",1954
"Koti Vidyalu Kuti Korake (1974)","Koti Vidyalu Kuti Korake",1974
"Koze","Koze",1982
"Kôsoku sentai Tâborenjâ","Kôsoku sentai Tâborenjâ",1989
"König Khandobas Jagdausflug (1992)","König Khandobas Jagdausflug",1992
"Közös után (1953)","Közös után",1953
"Krajiske brigade (1952)","Krajiske brigade",1952
"Kun taivas repeää (1997) (TV)","Kun taivas repeää",1997
"Kühne Schwimmer, Der (1957)","Kühne Schwimmer, Der",1957
"Kyôshoku sôkô Guyver Act II (1991) (V)","Kyôshoku sôkô Guyver Act II",1991
"Laddie (1940)","Laddie",1940
"Ladrona, La (1954)","Ladrona, La",1954
"Lady, Let's Dance (1944)","Lady, Let's Dance",1944
"Laser Moon (1993)","Laser Moon",1993
"Last Alarm, The (1900)","Last Alarm, The",1900
"Last Enchantment (1995)","Last Enchantment",1995
"Laughing Cavalier, The (1917)","Laughing Cavalier, The",1917
"Leave It to Cleavage 2 (1989)","Leave It to Cleavage 2",1989
"Lei ting zhan jing (2000)","Lei ting zhan jing",2000
"Lenin z Krakowa (1997)","Lenin z Krakowa",1997
"Lesley Garrett: The Video (1998) (V)","Lesley Garrett: The Video",1998
"Letac Joe i Marija smjela (1996)","Letac Joe i Marija smjela",1996
"Licensed to Queer (2003)","Licensed to Queer",2003
"Life Without Death (2000)","Life Without Death",2000
"Lights! Camera! Orgy! (1979)","Lights! Camera! Orgy!",1979
"Lindenwirtin, Die (1930)","Lindenwirtin, Die",1930
"Lionheart (1990)","Lionheart",1990
"Little Women in Transit (1996)","Little Women in Transit",1996
"Littles, The","Littles, The",1983
"Live with Regis and Kathie Lee","Live with Regis and Kathie Lee",-1
"Long Feng cha lou (1990)","Long Feng cha lou",1990
"Long Wei shan zhuang (1980)","Long Wei shan zhuang",1980
"Looking in the Fishbowl (2001)","Looking in the Fishbowl",2001
"Loot Maar (1980)","Loot Maar",1980
"Love Potion (1987)","Love Potion",1987
"Lovely Way to Die, A (1968)","Lovely Way to Die, A",1968
"Luftschiff, Das (1983)","Luftschiff, Das",1983
"Lump in My Throat, A (2001) (TV)","Lump in My Throat, A",2001
"Lussuria (1986)","Lussuria",1986
"Maalesh ya zahar (1950)","Maalesh ya zahar",1950
"Maechun 3 (1993)","Maechun 3",1993
"Magalir Mattum (1994)","Magalir Mattum",1994
"Magdanas lurja (1955)","Magdanas lurja",1955
"Magical Galatea, A (1907)","Magical Galatea, A",1907
"Magkaaway (1978)","Magkaaway",1978
"Mai lányok (1937)","Mai lányok",1937
"Main Awara Hoon (1983)","Main Awara Hoon",1983
"Main Street Kid, The (1948)","Main Street Kid, The",1948
"Maîtresse pour couple (1979)","Maîtresse pour couple",1979
"Making of 'The Prince and the Pauper', The (1978) (TV)","Making of 'The Prince and the Pauper', The",1978
"Making of a Male Model (1983) (TV)","Making of a Male Model",1983
"Malfunction Boulevard (2003)","Malfunction Boulevard",2003
"Mammary Memories (1977)","Mammary Memories",1977
"Man Alive","Man Alive",1982
"Man from New Mexico, The (1932)","Man from New Mexico, The",1932
"Man with No Shoes, The (1992)","Man with No Shoes, The",1992
"Man Who Could Cheat Death, The (1959)","Man Who Could Cheat Death, The",1959
"Man's Soul, A (1914)","Man's Soul, A",1914
"Manasam (1997)","Manasam",1997
"Mapping for Defence (1957)","Mapping for Defence",1957
"Margots Freier (1919)","Margots Freier",1919
"Maria på Kvarngården (1945)","Maria på Kvarngården",1945
"Marine Crucible (1997)","Marine Crucible",1997
"Marocain (1989) (TV)","Marocain",1989
"Married? (1926)","Married?",1926
"Marta y alrededores (1999)","Marta y alrededores",1999
"Martori disparuti (1988)","Martori disparuti",1988
"Martyrdom of Philip Strong, The (1916)","Martyrdom of Philip Strong, The",1916
"Mary Shaffer: A Natural Force (1995)","Mary Shaffer: A Natural Force",1995
"Masseur (1998)","Masseur",1998
"Match Game 73","Match Game 73",1982
"Matchless (1973)","Matchless",1973
"Matu kemusi (1956)","Matu kemusi",1956
"Maulkorb, Der (1958)","Maulkorb, Der",1958
"Meaningful Sex (2000) (TV)","Meaningful Sex",2000
"Mechanical Doll, The (1901)","Mechanical Doll, The",1901
"Medicine Ball","Medicine Ball",1995
"Medved (1961)","Medved",1961
"Meeting with... (1991) (TV)","Meeting with...",1991
"Mein Freund, der Scheich (1981)","Mein Freund, der Scheich",1981
"Meister Eder und sein Pumuckl","Meister Eder und sein Pumuckl",1979
"Melody Lingers On, The (1935)","Melody Lingers On, The",1935
"Memorias de fin de siglo (1999)","Memorias de fin de siglo",1999
"Memories of Old Manila (1993)","Memories of Old Manila",1993
"Memory of Berlin (1998) (TV)","Memory of Berlin",1998
"Mi amor por ti","Mi amor por ti",1969
"Mi marido y mi padrino","Mi marido y mi padrino",1957
"Midnight Intruders (1987)","Midnight Intruders",1987
"Miei più cari amici, I (1998)","Miei più cari amici, I",1998
"Miel et cendres (1996)","Miel et cendres",1996
"Mies Marseillesta (1937)","Mies Marseillesta",1937
"Milhaeng (1975)","Milhaeng",1975
"Minal Devi (1923)","Minal Devi",1923
"Minas de Angola (1953)","Minas de Angola",1953
"Mister Jerico (1970) (TV)","Mister Jerico",1970
"Mistry - altid den bedste (1996) (TV)","Mistry - altid den bedste",1996
"Moderne Zyklop, Der (2002)","Moderne Zyklop, Der",2002
"Moeder zonder vrees (1969)","Moeder zonder vrees",1969
"Moglie in vacanza... l'amante in città, La (1980)","Moglie in vacanza... l'amante in città, La",1980
"Moje miasto (2002) (TV)","Moje miasto",2002
"Mokmeyeo bulleobwado (1969)","Mokmeyeo bulleobwado",1969
"Mondo candido (1975)","Mondo candido",1975
"Monique et Christiane (1976)","Monique et Christiane",1976
"Monosabio, El (1977)","Monosabio, El",1977
"Monsieur mon chauffeur (1926)","Monsieur mon chauffeur",1926
"Moonchild (1994) (V)","Moonchild",1994
"Mój Szczecin (1955)","Mój Szczecin",1955
"Mr. Ima Jonah's Home Brew (1921)","Mr. Ima Jonah's Home Brew",1921
"Mrs William Dixon (2002)","Mrs William Dixon",2002
"MTV's Youth in Revolt (1998)","MTV's Youth in Revolt",1998
"Mucho más que dos (1994) (TV)","Mucho más que dos",1994
"Muddabanthi Puvvu (1976)","Muddabanthi Puvvu",1976
"Mujer de Benjamín, La (1991)","Mujer de Benjamín, La",1991
"Mulmangcho (1960)","Mulmangcho",1960
"Muppet Movie, The (1979)","Muppet Movie, The",1979
"Music for UNICEF Concert: A Gift of Song, The (1979) (TV)","Music for UNICEF Concert: A Gift of Song, The",1979
"Musical Offering from the Vatican: A Papal Concert, A (1992) (TV)","Musical Offering from the Vatican: A Papal Concert, A",1992
"Naag Nagin (1989)","Naag Nagin",1989
"Nacht, in der ganz ehrlich überhaupt niemand Sex hatte, Die (2002) (TV)","Nacht, in der ganz ehrlich überhaupt niemand Sex hatte, Die",2002
"Nachts ging das Telefon (1962)","Nachts ging das Telefon",1962
"Narodna biblioteka Srbije pod novim krovom (1976)","Narodna biblioteka Srbije pod novim krovom",1976
"Narren im Schnee (1938)","Narren im Schnee",1938
"Nasa tamnovanja (1954)","Nasa tamnovanja",1954
"Nationaal songfestival (1989) (TV)","Nationaal songfestival",1989
"Nebraska Supersonic (2001)","Nebraska Supersonic",2001
"Nebunia capetelor (1997) (TV)","Nebunia capetelor",1997
"Ned Kelly (1970)","Ned Kelly",1970
"Needhikku Thalai Vanangu (1976)","Needhikku Thalai Vanangu",1976
"Never Again (1915)","Never Again",1915
"New Adventures of Lucky Jim, The","New Adventures of Lucky Jim, The",1982
"New Girl in Town 5 (1994)","New Girl in Town 5",1994
"New Orleans After Dark (1958)","New Orleans After Dark",1958
"New Roof, The (1975)","New Roof, The",1975
"New York Nick","New York Nick",2004
"Next (1912)","Next",1912
"Në gjurmët e shekujve (1960)","Në gjurmët e shekujve",1960
"Nicht alles was fliegt, ist ein Vogel (1979)","Nicht alles was fliegt, ist ein Vogel",1979
"No Fool Like an Old Fool (1914)","No Fool Like an Old Fool",1914
"No Limits 4 (2003) (V)","No Limits 4",2003
"No Reservations (1995) (V)","No Reservations",1995
"No te engañes corazón (1937)","No te engañes corazón",1937
"Nobody's Perfect (2002)","Nobody's Perfect",2002
"Noch minderjährig (1957)","Noch minderjährig",1957
"Nocna kafana (1967) (TV)","Nocna kafana",1967
"Noor pensionär (1972) (TV)","Noor pensionär",1972
"North West One (1999)","North West One",1999
"Northwest Stampede (1948)","Northwest Stampede",1948
"Not a Penny More, Not a Penny Less (1990) (TV)","Not a Penny More, Not a Penny Less",1990
"Not Tonight Henry (1961)","Not Tonight Henry",1961
"Nowy Jork, czwarta rano (1992)","Nowy Jork, czwarta rano",1992
"Number's Alive! (1996) (TV)","Number's Alive!",1996
"O lijepa, o draga, o slatka slobodo (1992)","O lijepa, o draga, o slatka slobodo",1992
"Oben ohne Story, Die (1965)","Oben ohne Story, Die",1965
"Obey the Law (1924)","Obey the Law",1924
"Obra legislativa (1976)","Obra legislativa",1976
"Oflag 64 (2001)","Oflag 64",2001
"Old English (1930)","Old English",1930
"On Becoming a Woman (1987)","On Becoming a Woman",1987
"On Prescription Only (1960)","On Prescription Only",1960
"On the High Card (1921)","On the High Card",1921
"One Round Jeff (1920)","One Round Jeff",1920
"Only Fools Buy Horses","Only Fools Buy Horses",2003
"Only Way to Ski, The (1969) (TV)","Only Way to Ski, The",1969
"Only Woman in Town, The (1912)","Only Woman in Town, The",1912
"Ontstaan en Vergaan (1954)","Ontstaan en Vergaan",1954
"Orlow, Der (1927)","Orlow, Der",1927
"Other Side of Chelsea, The (1993) (V)","Other Side of Chelsea, The",1993
"Otherwise Known as Sheila the Great (1989) (TV)","Otherwise Known as Sheila the Great",1989
"Oublie-moi (1995)","Oublie-moi",1995
"Our Gang Follies of 1936 (1935)","Our Gang Follies of 1936",1935
"Oushou (1948)","Oushou",1948
"Over Time","Over Time",1999
"Overboard (1978) (TV)","Overboard",1978
"Overland Riders (1946)","Overland Riders",1946
"Öngyilkosság a Keletinél (1992)","Öngyilkosság a Keletinél",1992
"Øllet på bjerget (2001)","Øllet på bjerget",2001
"Pai Tirano, O (1941)","Pai Tirano, O",1941
"Pakkathu Veetu Roja (1982)","Pakkathu Veetu Roja",1982
"Palácio de Vênus (1980)","Palácio de Vênus",1980
"Pals (1911)","Pals",1911
"Pamela Congreve (1914)","Pamela Congreve",1914
"Pandora's Clock (1996) (TV)","Pandora's Clock",1996
"Panoramic View of Charleston Exposition (South Carolina) (1902)","Panoramic View of Charleston Exposition (South Carolina)",1902
"Parfois trop d'amour (1992)","Parfois trop d'amour",1992
"Parfum d'Yvonne, Le (1994)","Parfum d'Yvonne, Le",1994
"Particles in Space (1966)","Particles in Space",1966
"Passion for Punishment (1996) (V)","Passion for Punishment",1996
"Pastry Panic (1951)","Pastry Panic",1951
"Patchwork (2003)","Patchwork",2003
"Path of the Paddle: White Water (1996)","Path of the Paddle: White Water",1996
"Paths of Genius, The (1914)","Paths of Genius, The",1914
"Patty (1962)","Patty",1962
"Patty's Posse","Patty's Posse",2003
"Payoff, The (1994) (V)","Payoff, The",1994
"Páginas en negro, Unas (1950)","Páginas en negro, Unas",1950
"Pázmány (1987) (TV)","Pázmány",1987
"Pendekar bujang lapok (1959)","Pendekar bujang lapok",1959
"Penny's Picnic (1938)","Penny's Picnic",1938
"Pequeños gigantes, Los (1960)","Pequeños gigantes, Los",1960
"Pergamin Konfederacji Warszawskiej 1573 roku (1988)","Pergamin Konfederacji Warszawskiej 1573 roku",1988
"Perle von Tokay, Die (1953)","Perle von Tokay, Die",1953
"Perra, La (1967)","Perra, La",1967
"Perverted Stories 9 (1996) (V)","Perverted Stories 9",1996
"Pick-up, The (1999)","Pick-up, The",1999
"Picking up the Pieces","Picking up the Pieces",1998
"Picnic (1975)","Picnic",1975
"Platoon Leader (1988)","Platoon Leader",1988
"Plays for Pleasure","Plays for Pleasure",1981
"Pleasure at Her Majesty's (1976) (TV)","Pleasure at Her Majesty's",1976
"Point douloureux, Le (1979)","Point douloureux, Le",1979
"Political Discussion, A (1900)","Political Discussion, A",1900
"Poslednja trka (1979)","Poslednja trka",1979
"Pourquoi t'as fait ça? (2001)","Pourquoi t'as fait ça?",2001
"Power Game, The (1997)","Power Game, The",1997
"Premiere (1936)","Premiere",1936
"Preston Sturges: The Rise and Fall of an American Dreamer (1990) (TV)","Preston Sturges: The Rise and Fall of an American Dreamer",1990
"Pride of Ireland (2000)","Pride of Ireland",2000
"Primal Instinct (1996) (V)","Primal Instinct",1996
"Prince Edward Island in Motion; Home of the Silver Black Fox Industry (1914)","Prince Edward Island in Motion; Home of the Silver Black Fox Industry",1914
"Prins hatt under jorden (1980)","Prins hatt under jorden",1980
"Prival strannikov (1991)","Prival strannikov",1991
"Private Secretary, The (1935)","Private Secretary, The",1935
"Prize Performance","Prize Performance",1950
"Productione Albanaises (1970)","Productione Albanaises",1970
"Prokliatiye millioni (1917)","Prokliatiye millioni",1917
"Proud Youth, The (1978)","Proud Youth, The",1978
"Provinzonkel, Der (1926)","Provinzonkel, Der",1926
"Psahnondas gia tin Pinelopi (1981)","Psahnondas gia tin Pinelopi",1981
"Pueblo en armas (1961)","Pueblo en armas",1961
"Pumps (1999)","Pumps",1999
"Puppet File, The (1994) (V)","Puppet File, The",1994
"Qaid (1975)","Qaid",1975
"Qiu tian de yin xiang (1983)","Qiu tian de yin xiang",1983
"Quand on est amoureux c'est merveilleux (1999)","Quand on est amoureux c'est merveilleux",1999
"Queer Son (1993)","Queer Son",1993
"Queretaro 78 (1977)","Queretaro 78",1977
"Question of Trust, A (1920)","Question of Trust, A",1920
"Question of Values, A (1971)","Question of Values, A",1971
"Quiet Wedding (1941)","Quiet Wedding",1941
"Radevou me mian agnosti (1968)","Radevou me mian agnosti",1968
"Rage (1966)","Rage",1966
"Rainbow","Rainbow",1992
"Rainha Louca, A","Rainha Louca, A",1967
"Rajakota Rahasyam (1971)","Rajakota Rahasyam",1971
"Raju-Peda (1954)","Raju-Peda",1954
"Ramayan","Ramayan",1988
"Rang Berang (1948)","Rang Berang",1948
"Raoul Wallenberg: Between the Lines (1986)","Raoul Wallenberg: Between the Lines",1986
"Ratnadeep (1979)","Ratnadeep",1979
"Rats, The (2002) (TV)","Rats, The",2002
"Rave (2000)","Rave",2000
"Reaction Stick (1998)","Reaction Stick",1998
"Real Bullets (1990)","Real Bullets",1990
"Rebaño, El (1997)","Rebaño, El",1997
"Red Man (2001)						2001	(shot 1997)","Red Man",-1
"Reed, México insurgente (1973)","Reed, México insurgente",1973
"Regard des autres, Le (1980)","Regard des autres, Le",1980
"Reise ohne Wiederkehr (1989)","Reise ohne Wiederkehr",1989
"Repelsteeltje (1973)","Repelsteeltje",1973
"Reportero, El (1987)","Reportero, El",1987
"Respect the Law (1941)","Respect the Law",1941
"Return of Jewel Thief (1996)","Return of Jewel Thief",1996
"Revolução de 30 (1980)","Revolução de 30",1980
"Revolver: Calling the Shots (2002) (V)","Revolver: Calling the Shots",2002
"Ricksha Mama (1992)","Ricksha Mama",1992
"Riusciranno i nostri eroi a ritrovare l'amico misteriosamente scomparso in Africa? (1968)","Riusciranno i nostri eroi a ritrovare l'amico misteriosamente scomparso in Africa?",1968
"Río de la muerte (1977)","Río de la muerte",1977
"Río de las ánimas, El (1964)","Río de las ánimas, El",1964
"Road Songs: A Portrait of Robbie Robertson (2001) (TV)","Road Songs: A Portrait of Robbie Robertson",2001
"Roar, Navy, Roar (1942)","Roar, Navy, Roar",1942
"Rock Me Slow (1999)","Rock Me Slow",1999
"Rocket Ranger (1963) (TV)","Rocket Ranger",1963
"Rogue with a Heart, The (1916)","Rogue with a Heart, The",1916
"Rolling in the Sky: Red Arrows (1986) (V)","Rolling in the Sky: Red Arrows",1986
"Romances de terre et d'eau (2002)","Romances de terre et d'eau",2002
"Romeo und Julia auf dem Dorfe (1984)","Romeo und Julia auf dem Dorfe",1984
"Roommates (2002) (V)","Roommates",2002
"Roped by Radio (1925)","Roped by Radio",1925
"Rosary, The (1911)","Rosary, The",1911
"Rose Garden, The (1995)","Rose Garden, The",1995
"Rot in Zanzibar (1954)","Rot in Zanzibar",1954
"Rounding Up the Bandits (1923)","Rounding Up the Bandits",1923
"Rugby Special","Rugby Special",-1
"Ruimte in, De","Ruimte in, De",1959
"Rumbo a Brasilia (1960)","Rumbo a Brasilia",1960
"Sainte farce, La (1972) (TV)","Sainte farce, La",1972
"Sairandhri (1939)","Sairandhri",1939
"Samlaren (1989)","Samlaren",1989
"Samozvantsy","Samozvantsy",1997
"Sans titre - Drames brefs (2003)","Sans titre - Drames brefs",2003
"Santaan (1993)","Santaan",1993
"Santiago (1956)","Santiago",1956
"Scene in Legation Street, Shanghai (1901)","Scene in Legation Street, Shanghai",1901
"Scènes d'amour en Bavière (1995)","Scènes d'amour en Bavière",1995
"Scherzo - Verwitterte Melodie (1943)","Scherzo - Verwitterte Melodie",1943
"Schneewittchen... und die schwangere Königin (2001) (V)","Schneewittchen... und die schwangere Königin",2001
"Scream Queens Swimsuit Sensations (1992) (V)","Scream Queens Swimsuit Sensations",1992
"Se på tegnsprog","Se på tegnsprog",1988
"Sealed Lips (1931)","Sealed Lips",1931
"Seine beste Rolle (1989) (TV)","Seine beste Rolle",1989
"Selbstbedienung (1968) (TV)","Selbstbedienung",1968
"Semideus, O","Semideus, O",1973
"Seokhwachon (1972)","Seokhwachon",1972
"Serpent and the Sandman (1999) (V)","Serpent and the Sandman",1999
"Sexual Meditation: Hotel (1970)","Sexual Meditation: Hotel",1970
"Shadow Magic (2000)","Shadow Magic",2000
"Shadow of the Cat (1961)","Shadow of the Cat",1961
"Shadows of Chinatown (1926)","Shadows of Chinatown",1926
"Shattering the Silences: The Case for Minority Faculty (1997)","Shattering the Silences: The Case for Minority Faculty",1997
"She-Wolf, The (1931)","She-Wolf, The",1931
"Sheetrock (1997)","Sheetrock",1997
"Shin kitsune no tameki (1962)","Shin kitsune no tameki",1962
"Shindig! Presents British Invasion Vol. 2 (1992) (V)","Shindig! Presents British Invasion Vol. 2",1992
"Shoal Light, The (1915)","Shoal Light, The",1915
"Short in the Saddle (1962)","Short in the Saddle",1962
"Showa onna bakuto (1972)","Showa onna bakuto",1972
"Showa onnamichi: Rashomon (1972)","Showa onnamichi: Rashomon",1972
"Shuranosuke zamma-ken (1996)","Shuranosuke zamma-ken",1996
"Si las mujeres mandaran (o mandasen) (1982)","Si las mujeres mandaran (o mandasen)",1982
"Sign Please (1933)","Sign Please",1933
"Sininen imettäjä (1985)","Sininen imettäjä",1985
"Sitapur Ki Geeta (1987)","Sitapur Ki Geeta",1987
"Sk8 Life (2004)","Sk8 Life",2004
"Skal vi være kærester? (1997)","Skal vi være kærester?",1997
"Skies sto peristilio","Skies sto peristilio",2001
"Skinny the Moocher (1939)","Skinny the Moocher",1939
"Skizbe (1967)","Skizbe",1967
"Slapstick and Old Lace","Slapstick and Old Lace",1971
"Sleeping with Seattle (1993) (V)","Sleeping with Seattle",1993
"Sluts of the Nyle 2: Celebrity Sluts (2001) (V)","Sluts of the Nyle 2: Celebrity Sluts",2001
"Small Town Idol, A (1921)","Small Town Idol, A",1921
"Sniper 3 (2004) (V)","Sniper 3",2004
"Social Secretary, The (1912)","Social Secretary, The",1912
"Solo y conmigo (2000)","Solo y conmigo",2000
"Solomon and Sheba (1959)","Solomon and Sheba",1959
"Some Kind of Hero (1982)","Some Kind of Hero",1982
"Some of Your Bits Ain't Nice (1982)","Some of Your Bits Ain't Nice",1982
"Somebody Lied (1923)","Somebody Lied",1923
"Something to Think About (1920)","Something to Think About",1920
"Son-Daughter, The (1932)","Son-Daughter, The",1932
"Sons of the Sea (1925)","Sons of the Sea",1925
"Sous le signe du vaudou (1974)","Sous le signe du vaudou",1974
"Sous les draps, les étoiles (1989)","Sous les draps, les étoiles",1989
"South Park Rally (1999) (VG)","South Park Rally",1999
"Southern Comfort (1995) (V)","Southern Comfort",1995
"SøndagsÅpent","SøndagsÅpent",1993
"Space Invaders '95 (1995) (VG)","Space Invaders '95",1995
"Sparks Live In London (2000) (V)","Sparks Live In London",2000
"Speed (1925)","Speed",1925
"Speelmeisje (1968)","Speelmeisje",1968
"Spoonful of Sugar (2003)","Spoonful of Sugar",2003
"Spray Jet (1986)","Spray Jet",1986
"Square Shooter (1935)","Square Shooter",1935
"Staatsanwalt hat das Wort - Gefährliche Freundschaft, Der (1982) (TV)","Staatsanwalt hat das Wort - Gefährliche Freundschaft, Der",1982
"Stalked (1972)","Stalked",1972
"Standstill (1995)","Standstill",1995
"Star Cuts 56: Ginger Lynn (1987) (V)","Star Cuts 56: Ginger Lynn",1987
"Starwoids (2001)","Starwoids",2001
"Strictly Unconventional (1930)","Strictly Unconventional",1930
"Stunde der Wahrheit (1958) (TV)","Stunde der Wahrheit",1958
"Substitute Wife, The (1994) (TV)","Substitute Wife, The",1994
"Sunce na cetiri zvonika (1976)","Sunce na cetiri zvonika",1976
"Suranga Mhantyat Mala (1967)","Suranga Mhantyat Mala",1967
"Susa - Mali (1984)","Susa - Mali",1984
"Swami MD #1: Coming to America (1999) (V)","Swami MD #1: Coming to America",1999
"Swedish Erotica 4 (1981)","Swedish Erotica 4",1981
"Ta lai zi hu zhi ming shi (1994)","Ta lai zi hu zhi ming shi",1994
"Ta' det som en mand, frue! (1975)","Ta' det som en mand, frue!",1975
"Taim (1977)","Taim",1977
"Tales from the Tower (2001)","Tales from the Tower",2001
"Tall, Dark and Handsome (1941)","Tall, Dark and Handsome",1941
"Tamr henna (1957)","Tamr henna",1957
"Tarnished Heroes (1961)","Tarnished Heroes",1961
"Tarzan Finds a Son! (1939)","Tarzan Finds a Son!",1939
"Tatort - 3:0 für Veigl (1974) (TV)","Tatort - 3:0 für Veigl",1974
"Tatort - Aus der Traum (1986) (TV)","Tatort - Aus der Traum",1986
"Tatort - Das stille Geschäft (1977) (TV)","Tatort - Das stille Geschäft",1977
"Tatort - Der Fremdwohner (2002) (TV)","Tatort - Der Fremdwohner",2002
"Tatort - Der Prügelknabe (2003) (TV)","Tatort - Der Prügelknabe",2003
"Tatort - Der Tausch (1986) (TV)","Tatort - Der Tausch",1986
"Tatort - Der vierte Mann (2004) (TV)","Tatort - Der vierte Mann",2004
"Tatort - Eiskalt (1997) (TV)","Tatort - Eiskalt",1997
"Tatort - Feuerwerk für eine Leiche (1988) (TV)","Tatort - Feuerwerk für eine Leiche",1988
"Tatort - Feuerzauber (1977) (TV)","Tatort - Feuerzauber",1977
"Tatort - Hahnenkämpfe (1997) (TV)","Tatort - Hahnenkämpfe",1997
"Tatort - Kalte Wut (2001) (TV)","Tatort - Kalte Wut",2001
"Tatort - Kein Kinderspiel (1980) (TV)","Tatort - Kein Kinderspiel",1980
"Tatort - Kindstod (2001) (TV)","Tatort - Kindstod",2001
"Tatort - Leiche im Keller (1986) (TV)","Tatort - Leiche im Keller",1986
"Tatort - Lockvögel (1996) (TV)","Tatort - Lockvögel",1996
"Tatort - Mord auf Raten (1980) (TV)","Tatort - Mord auf Raten",1980
"Tatort - Mord im Ministerium (1974) (TV)","Tatort - Mord im Ministerium",1974
"Tatort - Mordverdacht (1971) (TV)","Tatort - Mordverdacht",1971
"Tatort - Rattenlinie (2000) (TV)","Tatort - Rattenlinie",2000
"Tatort - Rattennest (1972) (TV)","Tatort - Rattennest",1972
"Tatort - Schimanskis Waffe (1990) (TV)","Tatort - Schimanskis Waffe",1990
"Tatort - Schlußverkauf (1978) (TV)","Tatort - Schlußverkauf",1978
"Tatort - Schwarzer Advent (1998) (TV)","Tatort - Schwarzer Advent",1998
"Tatort - Tod aus der Vergangenheit (1992) (TV)","Tatort - Tod aus der Vergangenheit",1992
"Tatort - Tödlicher Treff (1987) (TV)","Tatort - Tödlicher Treff",1987
"Tatort - Veras Waffen (2003) (TV)","Tatort - Veras Waffen",2003
"Tatort - Willkommen in Köln (1997) (TV)","Tatort - Willkommen in Köln",1997
"Taxi-Gattin (1950)","Taxi-Gattin",1950
"Tänzer meiner Frau, Der (1925)","Tänzer meiner Frau, Der",1925
"Tea at the Ritz (1963) (TV)","Tea at the Ritz",1963
"Team One (2003)","Team One",2003
"Teammates, The (2003) (TV)","Teammates, The",2003
"Teenage Mother (1968)","Teenage Mother",1968
"Teenage Tease (1983)","Teenage Tease",1983
"Telaraña, La (1990)","Telaraña, La",1990
"Teleftea Sinentefxi tou Nikou Svoronou: O Nikos Svoronos Milai gia ton Niko Poulantza (1988)","Teleftea Sinentefxi tou Nikou Svoronou: O Nikos Svoronos Milai gia ton Niko Poulantza",1988
"Tempest (1982)","Tempest",1982
"Terminal Case of Love (1998) (V)","Terminal Case of Love",1998
"Terra (2003)","Terra",2003
"Tetri mkhedari (1929)","Tetri mkhedari",1929
"Thachali Marumakan Chandu (1974)","Thachali Marumakan Chandu",1974
"Thangamaana Raasa (1989)","Thangamaana Raasa",1989
"Thema's van de inspiratie (1938)","Thema's van de inspiratie",1938
"They Nest (2000) (TV)","They Nest",2000
"They Were Four (1917)","They Were Four",1917
"They Won't Believe Me (1947)","They Won't Believe Me",1947
"This Pretty Planet: Tom Chapin in Concert (1992) (V)","This Pretty Planet: Tom Chapin in Concert",1992
"Three Men on a Horse (1936)","Three Men on a Horse",1936
"Three's Company: The E! True Hollywood Story (1998) (TV)","Three's Company: The E! True Hollywood Story",1998
"Thrills of Music: Skitch Henderson and His Orchestra (1948)","Thrills of Music: Skitch Henderson and His Orchestra",1948
"Thunderbirds (1952)","Thunderbirds",1952
"Tiddly-Winks (1927)","Tiddly-Winks",1927
"Time Killer (2002)","Time Killer",2002
"Tip 2 (1990)","Tip 2",1990
"Titanes en el ring contraataca (1983)","Titanes en el ring contraataca",1983
"To Please One Woman (1920)","To Please One Woman",1920
"Tobago menjajet kurs (1966)","Tobago menjajet kurs",1966
"Toboy Tobaye (1974)","Toboy Tobaye",1974
"Toda una vida","Toda una vida",1981
"Tom, Dick and Harriet","Tom, Dick and Harriet",1983
"Tongdang wansui (1989)","Tongdang wansui",1989
"Tony's Big Brother (1993) (V)","Tony's Big Brother",1993
"Tor zum Garten der Träume, Das (1977) (TV)","Tor zum Garten der Träume, Das",1977
"Torchy Plays with Dynamite (1939)","Torchy Plays with Dynamite",1939
"Toreador (1909)","Toreador",1909
"Tortured Passions (1994) (V)","Tortured Passions",1994
"Toruko 110-ban: monzetsu kurage (1978)","Toruko 110-ban: monzetsu kurage",1978
"Trails of the Golden West (1931)","Trails of the Golden West",1931
"Train de plaisir (1936)","Train de plaisir",1936
"Tramps (1897)","Tramps",1897
"Transaction (1986) (V)","Transaction",1986
"Trapped (1996) (V)","Trapped",1996
"Trastevere (1971)","Trastevere",1971
"Traum des Hauptmann Loy, Der (1961)","Traum des Hauptmann Loy, Der",1961
"Trauma (1962)","Trauma",1962
"Tres historias de amor (1978)","Tres historias de amor",1978
"Trials of Life (1997) (TV)","Trials of Life",1997
"Trials of Rosie O'Neill, The","Trials of Rosie O'Neill, The",1991
"Trip Around the Union Loop (1903)","Trip Around the Union Loop",1903
"Triple Play: Roger Corman, Hollywood's Wild Angel (1980)","Triple Play: Roger Corman, Hollywood's Wild Angel",1980
"Trois couronnes du matelot, Les (1983)","Trois couronnes du matelot, Les",1983
"Tronco do Ipê, O","Tronco do Ipê, O",1982
"Tu-no (1999)","Tu-no",1999
"Tu, mi amor... (1998)","Tu, mi amor...",1998
"Tudo é Música (1957)","Tudo é Música",1957
"Tunnel (1968)","Tunnel",1968
"Twins' Tea Party, The (1897)","Twins' Tea Party, The",1897
"Two Roaming Champs (1950)","Two Roaming Champs",1950
"U nikh yest rodina (1950)","U nikh yest rodina",1950
"Uit onze zwarte vijvers (2000) (TV)","Uit onze zwarte vijvers",2000
"Ukhodya, ostayutsya (1987)","Ukhodya, ostayutsya",1987
"Ukiyoe zangoku monogatari (1968)","Ukiyoe zangoku monogatari",1968
"Un per l'altre, L'","Un per l'altre, L'",-1
"Und tschüss! - Ballermann olé (1997) (TV)","Und tschüss! - Ballermann olé",1997
"Under a Flag of Truce (1912)","Under a Flag of Truce",1912
"Under Polarkredsens himmel (1921)","Under Polarkredsens himmel",1921
"Unknown Cyclist, The (1998)","Unknown Cyclist, The",1998
"Unmaiyaian Vetri (1950)","Unmaiyaian Vetri",1950
"Unmasked (1929)","Unmasked",1929
"Unstrung Heroes (1995)","Unstrung Heroes",1995
"Unsullied Shield, An (1913)","Unsullied Shield, An",1913
"Up in Mabel's Room (1944)","Up in Mabel's Room",1944
"Utgo saneun Park Seo-bang (1972)","Utgo saneun Park Seo-bang",1972
"Último Vôo do Condor, O (1982)","Último Vôo do Condor, O",1982
"V trestném území (1947)","V trestném území",1947
"Valentina","Valentina",1993
"Valet maître, Le (1941)","Valet maître, Le",1941
"Valley of the Giants (1938)","Valley of the Giants",1938
"Vamos juntos","Vamos juntos",1979
"Varavu Ettana Selavu Pathana (1994)","Varavu Ettana Selavu Pathana",1994
"Vase srce je u vasim rukama (1977)","Vase srce je u vasim rukama",1977
"Vatsa sisään, rinta ulos! (1959)","Vatsa sisään, rinta ulos!",1959
"Veer Bhimsen (1923)","Veer Bhimsen",1923
"Veine, La (1928)","Veine, La",1928
"Velké prání (1981)","Velké prání",1981
"Veneno para las hadas (1984)","Veneno para las hadas",1984
"Vera (1980)","Vera",1980
"Verano azul","Verano azul",1978
"Vérité nue, La (2001)","Vérité nue, La",2001
"VH-1 to One: Paula Abdul (1992) (TV)","VH-1 to One: Paula Abdul",1992
"Viagem ao Céu da Boca (1981)","Viagem ao Céu da Boca",1981
"Victim, The (1930)","Victim, The",1930
"Vida total","Vida total",-1
"Videostar: The Magazine On Tape (1992) (V)","Videostar: The Magazine On Tape",1992
"Virginian, The (2000) (TV)","Virginian, The",2000
"Vita da cani (1950)","Vita da cani",1950
"Vita jela zelen bor (1967)","Vita jela zelen bor",1967
"Viva Cariri (1969)","Viva Cariri",1969
"Vo l'dakh okeana (1953)","Vo l'dakh okeana",1953
"Voice of Hollywood No. 3, The (1929)","Voice of Hollywood No. 3, The",1929
"Voices, The (1955) (TV)","Voices, The",1955
"Voiture électronique, La (1970)","Voiture électronique, La",1970
"Vow to Kill, A (1995) (TV)","Vow to Kill, A",1995
"Voz del deber, La (1927)","Voz del deber, La",1927
"Wall Street Tragedy (1916)","Wall Street Tragedy",1916
"Warning: Parental Advisory (2002) (TV)","Warning: Parental Advisory",2002
"Was She There (1997) (TV)","Was She There",1997
"Wastelands (1993)","Wastelands",1993
"Waterloo po cesku (2002)","Waterloo po cesku",2002
"Way of a Man with a Maid, The (1912)","Way of a Man with a Maid, The",1912
"Way of the World, The (1920)","Way of the World, The",1920
"Wedding on the Volga, The (1929)","Wedding on the Volga, The",1929
"Weekend In Diego (2000) (V)","Weekend In Diego",2000
"Wei le liu shi yi ge jie ji xiong di (1960)","Wei le liu shi yi ge jie ji xiong di",1960
"Weiße Stadt, Die (1980) (TV)","Weiße Stadt, Die",1980
"Weryfikacja (1987)","Weryfikacja",1987
"Wette um eine Seele, Die (1918)","Wette um eine Seele, Die",1918
"When Baby Forgot (1917)","When Baby Forgot",1917
"When Changing Rooms Met Ground Force II (2000) (TV)","When Changing Rooms Met Ground Force II",2000
"Where Our Strength Lies (1971)","Where Our Strength Lies",1971
"Where the Buffalo Roam (1966) (TV)","Where the Buffalo Roam",1966
"White Peak Farm","White Peak Farm",1988
"Who Killed Doc Robbin? (1948)","Who Killed Doc Robbin?",1948
"Wild Pair, The (1987)","Wild Pair, The",1987
"Wilderness of Youth (1922)","Wilderness of Youth",1922
"Wind of Changes, The (1996)","Wind of Changes, The",1996
"Winning Lines","Winning Lines",2000
"Wives of the Prophet, The (1926)","Wives of the Prophet, The",1926
"Wonhanui gongdongmyuji (1983)","Wonhanui gongdongmyuji",1983
"Woof! Woof! Uncle Matty's Guide to Dog Training (1997) (V)","Woof! Woof! Uncle Matty's Guide to Dog Training",1997
"Word's Fail (2000)","Word's Fail",2000
"Wozu denn über diese Leute einen Film (1980)","Wozu denn über diese Leute einen Film",1980
"WWF Attitude (1999) (VG)","WWF Attitude",1999
"Xi ya tu da tu sha (1989)","Xi ya tu da tu sha",1989
"Xiao wu shi (1969)","Xiao wu shi",1969
"Xu gu du chun meng (1932)","Xu gu du chun meng",1932
"Ya shagayu po Moskve (1963)","Ya shagayu po Moskve",1963
"Yank in Viet-Nam, A (1964)","Yank in Viet-Nam, A",1964
"Yearning for Love (1926)","Yearning for Love",1926
"Yeomen of the Guard, The (1978) (TV)","Yeomen of the Guard, The",1978
"Yeux ouverts, Les (1913)","Yeux ouverts, Les",1913
"Yokai ningen bem","Yokai ningen bem",1969
"Yorokobi mo kanashimi mo ikutoshitsuki (1957)","Yorokobi mo kanashimi mo ikutoshitsuki",1957
"You Can't Stop on a Dime (1954)","You Can't Stop on a Dime",1954
"You jian chin tian (1981)","You jian chin tian",1981
"Young People's Concerts: Holst - Planets, The (1972) (TV)","Young People's Concerts: Holst - Planets, The",1972
"Young Sherlock: The Mystery of the Manor House","Young Sherlock: The Mystery of the Manor House",1982
"Youthquake! (1975)","Youthquake!",1975
"Zahrada (1968)","Zahrada",1968
"Zao zhi dang cu wo bu jia (1956)","Zao zhi dang cu wo bu jia",1956
"Zarte Saftmösen (1997) (V)","Zarte Saftmösen",1997
"Zatoichi sakate giri (1965)","Zatoichi sakate giri",1965
"Zendegi dar meh (1999)","Zendegi dar meh",1999
"Zhong huan ying xiong (1991)","Zhong huan ying xiong",1991
"Zoku Showa hito keta shachô tai futaketa shain: Getsu-getsu kasui moku kinkin (1971)","Zoku Showa hito keta shachô tai futaketa shain: Getsu-getsu kasui moku kinkin",1971
"Ztráta pameti","Ztráta pameti",2001
"Zycie za zycie (1991)","Zycie za zycie",1991
