322,"Alquibla","Documentary"
696,"Angela ja ajan tuulet","Drama"
2234,"Años perdidos, Los","Drama"
2399,"Banda de Cantaniño, La","Family"
2400,"Banda de Cantaniño, La","Musical"
3164,"Adventures of Mark & Brian, The","Comedy"
3180,"Adventures of Sam, The","Family"
5283,"Bradys, The","Drama"
5342,"BreakThrough: The Changing Face of Science in America","Documentary"
6392,"Coronet Blue","Mystery"
6744,"Cutter to Houston","Drama"
6875,"Fjernsyn","Family"
7416,"Funny Boners","Family"
7689,"General Hospital","Drama"
7690,"General Hospital","Drama"
8150,"Grande Família, A","Comedy"
8151,"Grande Família, A","Comedy"
8159,"Grandes ilusiones","Drama"
8405,"H.O.P.L.A.","Family"
10031,"Edge of Night, The","Crime"
10032,"Edge of Night, The","Drama"
10070,"Eglimata","Comedy"
10892,"Intrepid Journeys","Adventure"
10893,"Intrepid Journeys","Documentary"
11371,"Kinyoubi no tsumatachie II: Otokotachi yo genki kai?","Drama"
11372,"Kinyoubi no tsumatachie II: Otokotachi yo genki kai?","Romance"
11609,"Koze","Drama"
12135,"He Wai","Musical"
12136,"He Wai","Comedy"
12137,"He Wai","Family"
12251,"Help!","Comedy"
12562,"Hjem til fem","Comedy"
12563,"Hjem til fem","Drama"
13013,"Jesse Hawkes","Adventure"
13692,"Keep Posted","Documentary"
13740,"Meister Eder und sein Pumuckl","Comedy"
13741,"Meister Eder und sein Pumuckl","Family"
13924,"Mi marido y mi padrino","Comedy"
15366,"New Adventures of Lucky Jim, The","Comedy"
15854,"Littles, The","Animation"
16616,"Man Alive","Documentary"
18203,"Ramayan","Adventure"
18204,"Ramayan","Drama"
18205,"Ramayan","Fantasy"
19904,"Over Time","Drama"
19905,"Over Time","Romance"
20239,"Patty's Posse","Documentary"
20240,"Patty's Posse","Family"
22345,"Se på tegnsprog","Family"
22430,"Slapstick and Old Lace","Comedy"
24861,"Toda una vida","Drama"
25270,"Trials of Rosie O'Neill, The","Drama"
25724,"Un per l'altre, L'","Comedy"
26935,"White Peak Farm","Drama"
27538,"Yokai ningen bem","Horror"
27618,"Young Sherlock: The Mystery of the Manor House","Family"
27619,"Young Sherlock: The Mystery of the Manor House","Drama"
28765,"100 Pigmies and Andy Panda (1940)","Family"
28766,"100 Pigmies and Andy Panda (1940)","Animation"
28767,"100 Pigmies and Andy Panda (1940)","Short"
28768,"100 Pigmies and Andy Panda (1940)","Comedy"
29383,"1857 (1946)","Drama"
29613,"2 On 1 (1998) (V)","Adult"
30109,"2º Centenário do Jardim Guerra Junqueiro (1952)","Documentary"
30374,"34-j skoryj (1981)","Action"
30480,"4 aventures de Reinette et Mirabelle (1987)","Comedy"
30481,"4 aventures de Reinette et Mirabelle (1987)","Drama"
30900,"58.2/B (1958)","Short"
31405,"9:30 (2003)","Short"
31520,"A kuca zvoni li zvoni (1971)","Documentary"
31521,"A kuca zvoni li zvoni (1971)","Short"
31729,"A&E Biography: Caligula - Reign of Madness (2000) (TV)","Documentary"
33327,"Accidente (1965)","Drama"
33328,"Accidente (1965)","Short"
34207,"Addicted to Love (1988)","Adult"
34224,"Addio a Enrico Berlinguer, L' (1984)","Documentary"
34225,"Addio a Enrico Berlinguer, L' (1984)","Short"
34303,"Adieu au pirate, L' (2003)","Short"
35210,"Aeg maha (1984)","Animation"
35211,"Aeg maha (1984)","Short"
36501,"Agroindustrijska proizvodnja hrane u Jugoslaviji (1977)","Documentary"
36502,"Agroindustrijska proizvodnja hrane u Jugoslaviji (1977)","Short"
36553,"Agujetas en el alma (1998)","Comedy"
37046,"Air-Tight (1931)","Comedy"
37047,"Air-Tight (1931)","Short"
37075,"Aircraft Wood Repair, Part 2: Stiffener Patch (1943)","Documentary"
37188,"Ajia himitsu keisatsu (1966)","Drama"
38097,"Aldrig mera krig (1984)","Documentary"
38098,"Aldrig mera krig (1984)","Short"
39502,"All Mine to Give (1958)","Drama"
39565,"All or Nothing (1998)","Short"
39798,"All Wet (1930)","Comedy"
39799,"All Wet (1930)","Short"
41197,"Amantes frios, Los (1978)","Comedy"
41198,"Amantes frios, Los (1978)","Drama"
41207,"Amanti (1968)","Drama"
41208,"Amanti (1968)","Romance"
41232,"Amants du Tage, Les (1955)","Romance"
41233,"Amants du Tage, Les (1955)","Drama"
41256,"Amar Raj (1946)","Musical"
41289,"Amartoles (1962)","Crime"
41290,"Amartoles (1962)","Drama"
41382,"Amatrice violée, L' (1993)","Adult"
42434,"Amiche del cuore, Le (1992)","Drama"
42849,"Amore imperfetto, L' (2002)","Drama"
43038,"Amoureux, Les (1994)","Drama"
43039,"Amoureux, Les (1994)","Romance"
43536,"Anal-Europe Series 7, The (1994) (V)","Adult"
43931,"Andel milosrdenství (1994)","Romance"
43932,"Andel milosrdenství (1994)","War"
43933,"Andel milosrdenství (1994)","Drama"
44150,"Andy Clyde Gets Spring Chicken (1939)","Comedy"
44151,"Andy Clyde Gets Spring Chicken (1939)","Short"
45218,"Anna - annA (1993)","Family"
45219,"Anna - annA (1993)","Fantasy"
47201,"Arabic Numeral Series 10 (1981)","Short"
48104,"Ata quheshin Arbër (1973)","Documentary"
48105,"Ata quheshin Arbër (1973)","Short"
48402,"Atomic Kid, The (1954)","Comedy"
48403,"Atomic Kid, The (1954)","Sci-Fi"
49229,"Assman 5 (1998) (V)","Adult"
49543,"At Bertram's Hotel (1987) (TV)","Crime"
49544,"At Bertram's Hotel (1987) (TV)","Mystery"
51496,"Auction Block, The (1917)","Drama"
52594,"Babes in the Woods (1911)","Short"
53039,"Babyroussa the Babiroussa (1994)","Short"
53093,"Bach détective (1936)","Drama"
53108,"Bacharach: One Amazing Night (1998) (TV)","Music"
53298,"Back Stage (1923)","Family"
53299,"Back Stage (1923)","Comedy"
53300,"Back Stage (1923)","Short"
54108,"Ava's Magical Adventure (1994)","Comedy"
54109,"Ava's Magical Adventure (1994)","Drama"
54110,"Ava's Magical Adventure (1994)","Family"
55464,"Basta Tricycle Driver... Sweet Lover (2000)","Comedy"
55515,"Bat Whispers, The (1930)","Crime"
55516,"Bat Whispers, The (1930)","Thriller"
55517,"Bat Whispers, The (1930)","Horror"
55518,"Bat Whispers, The (1930)","Drama"
55519,"Bat Whispers, The (1930)","Mystery"
56336,"Bare Ass Beach (1994) (V)","Adult"
56529,"Bargain, The (1912)","Drama"
56530,"Bargain, The (1912)","Short"
57758,"Ballet mécanique (1924)","Short"
58445,"Bangkok-Africa-Turkey Connection (1993)","Adult"
59617,"Bell Hoppy (1954)","Animation"
59618,"Bell Hoppy (1954)","Family"
59619,"Bell Hoppy (1954)","Short"
59620,"Bell Hoppy (1954)","Comedy"
61375,"Beer (1985)","Comedy"
61445,"Before and After the Monsoon (1985) (TV)","Short"
61630,"Behind Closed Doors (2002) (TV)","Drama"
61717,"Behind the Green Door, the Sequel (1986)","Adult"
62631,"Best of Breasts 3 (1995) (V)","Adult"
63095,"Big Idea, The (1934)","Comedy"
63096,"Big Idea, The (1934)","Short"
63232,"Big Pile, The (1985)","Short"
63233,"Big Pile, The (1985)","Comedy"
63433,"Big Tip Off, The (1955)","Crime"
65356,"Big Boss (1965)","Action"
66012,"Black Thunder (1997)","Action"
66013,"Black Thunder (1997)","Drama"
66242,"Blacksmith, The (1922)","Comedy"
66243,"Blacksmith, The (1922)","Short"
67223,"Bikini Beach (1993) (V)","Adult"
67571,"Billy Joel: The Essential Video Collection (2001) (V)","Music"
68189,"Bird's a Bird, A (1915)","Short"
68962,"Black Butt Sisters Do New Orleans, The (1995) (V)","Adult"
69250,"Blume der Hausfrau, Die (1999)","Documentary"
69305,"Blutjunge Verführerinnen 2 (1972)","Comedy"
69784,"Bobby Jones, Stroke of Genius (2004)","Drama"
70116,"Boobs in Arms (1940)","Comedy"
70117,"Boobs in Arms (1940)","Short"
70458,"Booty and the Beast (1953)","Comedy"
70459,"Booty and the Beast (1953)","Short"
71655,"Bondage of Barbara, The (1919)","Drama"
73680,"Brigitte Nielsen: The E! True Hollywood Story (2000) (TV)","Documentary"
74292,"Bromo and Juliet (1926)","Comedy"
74293,"Bromo and Juliet (1926)","Short"
74732,"Boyclops (2004)","Comedy"
74857,"Boys of St. Vincent, The (1992) (TV)","Drama"
75096,"Brand from Burning, The (1913)","Short"
75097,"Brand from Burning, The (1913)","Drama"
75611,"Breakin' (1984)","Musical"
75612,"Breakin' (1984)","Drama"
77408,"Bulung-Bulungan (1962)","Drama"
77853,"Burglar, The (1928)","Short"
77854,"Burglar, The (1928)","Comedy"
78129,"Burnt Wings (1920)","Drama"
78134,"Burr's Novelty Review No. 1 (1922)","Animation"
78135,"Burr's Novelty Review No. 1 (1922)","Comedy"
78136,"Burr's Novelty Review No. 1 (1922)","Short"
81529,"Cactus Jim's Shopgirl (1915)","Comedy"
81530,"Cactus Jim's Shopgirl (1915)","Short"
81531,"Cactus Jim's Shopgirl (1915)","Western"
81657,"Cafe Fantasy (1996)","Adult"
81871,"Caja 507, La (2002)","Action"
81872,"Caja 507, La (2002)","Drama"
81873,"Caja 507, La (2002)","Thriller"
81985,"Caleidoscopio, El (2004)","Short"
82395,"Buzos diamantistas, Los (1988)","Drama"
82396,"Buzos diamantistas, Los (1988)","Short"
82851,"Bücher (1986)","Documentary"
82852,"Bücher (1986)","Short"
83489,"Cap'n Eri (1915)","Drama"
84648,"Cat in the Hat, The (1971) (TV)","Animation"
84649,"Cat in the Hat, The (1971) (TV)","Family"
84650,"Cat in the Hat, The (1971) (TV)","Fantasy"
84651,"Cat in the Hat, The (1971) (TV)","Short"
84755,"Cat's Whiskers, The (1925)","Comedy"
84756,"Cat's Whiskers, The (1925)","Short"
84914,"Carol (1970)","Documentary"
84915,"Carol (1970)","Short"
85562,"Casamiento de Chichilo, El (1938)","Comedy"
85960,"Caravan (2002)","Comedy"
85961,"Caravan (2002)","Short"
85999,"Card of Destiny (1928)","Short"
86000,"Card of Destiny (1928)","Western"
86452,"Carnal Passion (2001) (V)","Drama"
86504,"Carnaval em Lourenço Marques (1964)","Documentary"
86531,"Carnaval no Paris, O (1933)","Documentary"
89729,"Chann Pardesi (1980)","Drama"
89781,"Chansons ont leur destin (1953)","Short"
90753,"Chwila wspomnien: rok 1956/1957 (1964)","Short"
91177,"Chirveuli mezoblebi (1945)","Comedy"
91970,"Chikago in zwei Hälften (1968)","Documentary"
91971,"Chikago in zwei Hälften (1968)","Short"
93148,"Cheveux de ma mère, Les (2004)","Drama"
93149,"Cheveux de ma mère, Les (2004)","Short"
93410,"Chickboxin Underground (1999)","Action"
93411,"Chickboxin Underground (1999)","Comedy"
95460,"Clemi flüchtet (1994)","Drama"
95461,"Clemi flüchtet (1994)","Short"
97665,"Cold Clues: Guilty Conscience (2002) (TV)","Crime"
97666,"Cold Clues: Guilty Conscience (2002) (TV)","Documentary"
97667,"Cold Clues: Guilty Conscience (2002) (TV)","Short"
98612,"Comrades of Summer, The (1992) (TV)","Comedy"
98921,"Concours eurovision (2002) (TV)","Music"
99889,"Como Se Fabrica o Sabão (1935)","Documentary"
100124,"Corrida de Vicente Segura y Cocherito de Bilbao (1911)","Documentary"
100125,"Corrida de Vicente Segura y Cocherito de Bilbao (1911)","Short"
100182,"Corrina, Corrina (1994)","Drama"
100940,"Cook's Revenge (1916)","Comedy"
100941,"Cook's Revenge (1916)","Short"
102441,"Cowboy uit Iran (1999) (TV)","Drama"
102984,"Consultation, La (1985)","Short"
103046,"Conte à regler (1978)","Short"
103102,"Contestatarios (Poemágenes 1) (1975)","Short"
104713,"Cumback Pussy 21 (1999) (V)","Adult"
105167,"Cricket Requiem (1999)","Short"
105301,"Crime Takes a Holiday (1938)","Drama"
105667,"Critical Assembly (2003) (TV)","Action"
105668,"Critical Assembly (2003) (TV)","Drama"
105669,"Critical Assembly (2003) (TV)","Thriller"
105711,"Crni kisobran (1969)","Documentary"
105712,"Crni kisobran (1969)","Short"
105890,"Cross Country Run (1929)","Comedy"
105891,"Cross Country Run (1929)","Short"
105926,"Cross, The (1911)","Drama"
105927,"Cross, The (1911)","Short"
106433,"Cry for Help: The Tracey Thurman Story, A (1989) (TV)","Drama"
106670,"Crónica de un extraño (1998)","Drama"
107592,"Daikaijû Gamera (1965)","Sci-Fi"
108204,"Dance Comique (1945)","Short"
108205,"Dance Comique (1945)","Music"
108950,"Custody (2000)","Comedy"
108951,"Custody (2000)","Short"
108954,"Customers Wanted (1939)","Family"
108955,"Customers Wanted (1939)","Comedy"
108956,"Customers Wanted (1939)","Animation"
108957,"Customers Wanted (1939)","Short"
113375,"Dead Wrong: The John Evans Story (1984) (TV)","Crime"
113376,"Dead Wrong: The John Evans Story (1984) (TV)","Drama"
113448,"Deadlock: A Passion for Murder (1997)","Thriller"
114024,"Death of a Demon, The (2000)","Short"
114383,"Dernier mot, Le (1991) (TV)","Drama"
114428,"Derren Brown Plays Russian Roulette Live (2003) (TV)","Horror"
114453,"Dertli irmak (1958)","Drama"
114723,"Desert of Fear (1993) (V)","Adult"
117313,"Demon Possessed (1993)","Horror"
117356,"Demonismeni, I (1975)","Horror"
117357,"Demonismeni, I (1975)","Mystery"
118310,"Digging for Dutch: The Search for the Lost Treasure of Dutch Schultz (2001)","Documentary"
118802,"Do Not Disturb (1999)","Action"
118803,"Do Not Disturb (1999)","Thriller"
119921,"Diva et pianiste (2000)","Short"
120501,"Dinner Date 1 (2002) (TV)","Short"
121249,"Don Juan (1998)","Comedy"
121250,"Don Juan (1998)","Romance"
122809,"Dottoressa sotto il lenzuolo, La (1976)","Comedy"
122904,"Double Deal (1950)","Drama"
122927,"Double Down (1993) (V)","Adult"
124343,"Dollar's Worth, A (1921)","Comedy"
124344,"Dollar's Worth, A (1921)","Short"
125010,"Drag My Feat (2003)","Short"
125181,"Dragon, the Young Master (1978)","Drama"
125564,"Duhat na bashta mi (1998) (TV)","Drama"
125772,"Dumb Luck (1926)","Comedy"
125773,"Dumb Luck (1926)","Short"
125820,"Dumm gelaufen (1997)","Comedy"
126305,"Dronningens nytårstale (1999) (TV)","Documentary"
126306,"Dronningens nytårstale (1999) (TV)","Short"
126468,"Drugi kongres komunisticke partije Srbije (1949)","Documentary"
127848,"Drittes Reich, Ein (1975)","Short"
127986,"Eddie Izzard: Circle (2002) (V)","Comedy"
127987,"Eddie Izzard: Circle (2002) (V)","Documentary"
128128,"Edge, The (1975)","Documentary"
128513,"Egoists, The (2003)","Comedy"
128514,"Egoists, The (2003)","Drama"
128850,"Dva patrona na mamonta (1990)","Drama"
130440,"Eleven P.M. (1928)","Drama"
130947,"East Side, West Side (1927)","Drama"
131387,"Eclipse (1993) (V)","Adult"
132206,"End of the Circle, The (1913)","Drama"
132207,"End of the Circle, The (1913)","Short"
132355,"Entre Mulheres e Espiões (1961)","Comedy"
132436,"Entscheidung im Eis - Eine Frau jagt den Mörder (2001) (TV)","Thriller"
133117,"Erotic Express (1983)","Adult"
134401,"Em Cada Coração um Punhal (1970)","Comedy"
134918,"Europa på spil (2002) (TV)","Documentary"
135822,"Es geht seinen Gang oder Mühen in unserer Ebene (1981) (TV)","Drama"
137645,"Establishing a Just Society (1972-1984) (1994) (TV)","Documentary"
138609,"Face to Face (1990) (TV)","Adventure"
138754,"Fade to Reality (1995)","Documentary"
138755,"Fade to Reality (1995)","Short"
138776,"Fado do Emigrante (1947)","Documentary"
138857,"Failure at Fifty, A (1940)","Short"
139057,"Famous Ride, The (1960)","Animation"
139058,"Famous Ride, The (1960)","Short"
140515,"Familia Vila, La (1950)","Drama"
141647,"Feliz cumpleaños (1987)","Comedy"
141648,"Feliz cumpleaños (1987)","Short"
141816,"Femme papillon, La (2003)","Animation"
141817,"Femme papillon, La (2003)","Short"
142730,"Fast perfekt verlobt (2003) (TV)","Comedy"
143455,"Fiabe della nonna, Le (1916)","Drama"
143506,"Fiction Makers, The (1968)","Adventure"
143507,"Fiction Makers, The (1968)","Crime"
143508,"Fiction Makers, The (1968)","Mystery"
143762,"Fiesta Fiasco (1967)","Family"
143763,"Fiesta Fiasco (1967)","Animation"
143764,"Fiesta Fiasco (1967)","Short"
143765,"Fiesta Fiasco (1967)","Comedy"
144348,"Fazan II (1969)","Documentary"
144349,"Fazan II (1969)","Short"
145216,"Finanzen des Großherzogs, Die (1934)","Comedy"
145442,"Finn & Co. (2002) (V)","Family"
145443,"Finn & Co. (2002) (V)","Music"
145917,"First Child on the Moon (2001)","Short"
146347,"Flat Harmony (1917)","Short"
146348,"Flat Harmony (1917)","Comedy"
146550,"Fleshtones (1985) (V)","Adult"
146729,"Flight Lieutenant (1942)","Drama"
148059,"Fish Story, A (1998)","Family"
148060,"Fish Story, A (1998)","Animation"
148061,"Fish Story, A (1998)","Short"
148202,"Fishing with Gandhi (1998)","Comedy"
148714,"For Those Who Teach the Art of Peace (2003)","Short"
149206,"Forgotten (1933)","Drama"
150313,"FN: Première traversée du Sahara en moto (1933)","Documentary"
150802,"Four Simples Rules (2003)","Short"
152196,"For the Good of Her Men (1912)","Drama"
152197,"For the Good of Her Men (1912)","Short"
152250,"Freight Train (1898)","Short"
152275,"Fremd in diesem Land (1981)","Documentary"
152859,"Friendship Begins at Home (1949)","Drama"
152860,"Friendship Begins at Home (1949)","Short"
153116,"From Dime to Dime (1960)","Animation"
153117,"From Dime to Dime (1960)","Short"
153341,"Fun in the Glenwood Springs Pool (1902)","Short"
154292,"Fratelli e sorelle (1991)","Drama"
155294,"Fräulein (1958)","War"
156677,"Férias de Laura (1986)","Comedy"
156839,"Fünfzig Minuten (2001)","Short"
156840,"Fünfzig Minuten (2001)","Comedy"
157096,"Gag and Baggage (1952)","Animation"
157097,"Gag and Baggage (1952)","Short"
157495,"Geheime Lüste blutjunger Mädchen (1978)","Adult"
159462,"Ghost in the House (1988)","Family"
159463,"Ghost in the House (1988)","Comedy"
159464,"Ghost in the House (1988)","Fantasy"
159465,"Ghost in the House (1988)","Romance"
159709,"Ghosts of the Past (1991) (TV)","Music"
160053,"Gigli (2003)","Crime"
160054,"Gigli (2003)","Comedy"
160055,"Gigli (2003)","Romance"
161918,"Girls (1919)","Comedy"
161919,"Girls (1919)","Romance"
162631,"Good, the Bad & the Innocent, The (2001)","Action"
162632,"Good, the Bad & the Innocent, The (2001)","Crime"
162633,"Good, the Bad & the Innocent, The (2001)","Drama"
166108,"Good Sport, The (1918)","Comedy"
166241,"Greatest, The (1977)","Drama"
168087,"Grüne Heinrich, Der (1994)","Drama"
168257,"Guardian's Luck, A (1912)","Comedy"
168258,"Guardian's Luck, A (1912)","Short"
169067,"Grand Central Murder (1942)","Film-Noir"
169068,"Grand Central Murder (1942)","Mystery"
169364,"Grandma Didn't Wave Back (1984) (TV)","Drama"
169365,"Grandma Didn't Wave Back (1984) (TV)","Family"
169366,"Grandma Didn't Wave Back (1984) (TV)","Short"
169665,"Gulliver's Travels (2004)","Animation"
169666,"Gulliver's Travels (2004)","Fantasy"
169816,"Gun, a Car, a Blonde, A (1997)","Drama"
169817,"Gun, a Car, a Blonde, A (1997)","Thriller"
169967,"Guns of August, The (1964)","Documentary"
169968,"Guns of August, The (1964)","War"
170932,"Happy Go Lovely (1951)","Comedy"
170933,"Happy Go Lovely (1951)","Musical"
170934,"Happy Go Lovely (1951)","Romance"
170975,"Happy Hooligan Has Troubles with the Cook (1901)","Comedy"
170976,"Happy Hooligan Has Troubles with the Cook (1901)","Short"
171435,"Halfway to Heaven and Hell (2003)","Short"
172126,"Handsworth Songs (1986)","Documentary"
172130,"Handvoll Gras, Eine (2000)","Drama"
172839,"Haida Carver (1964)","Documentary"
172840,"Haida Carver (1964)","Short"
174123,"Hard to Thrill (1991) (V)","Adult"
174610,"Harry and Max (2004)","Comedy"
174611,"Harry and Max (2004)","Drama"
174772,"Harvest (1953) (TV)","Drama"
175140,"He Won a Ranch (1914)","Comedy"
175141,"He Won a Ranch (1914)","Short"
175589,"Heart of New York, The (1901)","Documentary"
175590,"Heart of New York, The (1901)","Short"
177125,"Heten, mint a gonoszok (1943)","Comedy"
177247,"Hey There, It's Yogi Bear (1964)","Family"
177248,"Hey There, It's Yogi Bear (1964)","Animation"
178190,"Here I Am (1962)","Short"
178984,"Highway 61 (1991)","Comedy"
179069,"Hija del hacendado, La (1997) (V)","Action"
179855,"Hemliga Svensson (1933)","Comedy"
179870,"Hemmeligheder (1997)","Drama"
180559,"Holt of the Secret Service (1941)","Crime"
180560,"Holt of the Secret Service (1941)","Action"
180561,"Holt of the Secret Service (1941)","Drama"
180760,"Hombres cultos, Los (1972)","Documentary"
180761,"Hombres cultos, Los (1972)","Short"
180948,"Home Is the Hero (1959)","Drama"
182230,"Hobbies: Model Bus Collector (2002)","Short"
182415,"Hoempapa (1965)","Animation"
182418,"Hoero! Tekken (1982)","Action"
182419,"Hoero! Tekken (1982)","Crime"
182420,"Hoero! Tekken (1982)","Drama"
182761,"Holiday for Sinners (1952)","Drama"
183387,"Historias Cortas de Madrid (1999)","Comedy"
183388,"Historias Cortas de Madrid (1999)","Short"
183780,"Hook Up, The (2003)","Short"
184776,"Hot Foot (1922)","Comedy"
184777,"Hot Foot (1922)","Short"
184778,"Hot Foot (1943)","Comedy"
184779,"Hot Foot (1943)","Short"
187815,"I treti (1978) (TV)","Drama"
187909,"I Was a Communist for the FBI (1951)","Drama"
187910,"I Was a Communist for the FBI (1951)","Film-Noir"
188575,"Huan le ren jian (1959)","Drama"
189724,"I Could Go on Singing (1963)","Drama"
189725,"I Could Go on Singing (1963)","Musical"
189918,"Human Hounds (1916)","Short"
190064,"Humphrey Bogart and Lauren Bacall (2000) (TV)","Documentary"
190065,"Humphrey Bogart and Lauren Bacall (2000) (TV)","Short"
190263,"Hungry Bachelors Club, The (1999)","Comedy"
190264,"Hungry Bachelors Club, The (1999)","Drama"
190265,"Hungry Bachelors Club, The (1999)","Romance"
190515,"Hurlevent (1985)","Drama"
190516,"Hurlevent (1985)","Romance"
190517,"Hurlevent (1985)","Mystery"
190743,"Idu Namma Alu (1988)","Comedy"
190919,"Ifugao (1954)","Drama"
191272,"Ildikó Szabó (1999)","Documentary"
191478,"Im Auto durch zwei Welten (1929)","Documentary"
191949,"Imphy, capitale de la France (1995)","Short"
193040,"In the City (2001)","Comedy"
193041,"In the City (2001)","Short"
193537,"Ibiza (1962)","Documentary"
193538,"Ibiza (1962)","Short"
194569,"Inauguration de la statue Rogier, Place de la Liberté (1897)","Documentary"
195078,"Inner Glow of Things, The (2003)","Short"
196049,"Indio Pluma Roja, El (1975)","Short"
196314,"Infidelities (1983) (TV)","Drama"
197075,"Interview (1992)","Drama"
197182,"Intimate Portrait: Anjelica Huston (1998) (TV)","Documentary"
197194,"Intimate Portrait: Bonnie Franklin (2003) (TV)","Documentary"
197195,"Intimate Portrait: Bonnie Franklin (2003) (TV)","Family"
197947,"Isis Blue 2 (1998) (V)","Adult"
199109,"Ispanska muha (1998)","Action"
199110,"Ispanska muha (1998)","Comedy"
199534,"It's a Boy (1920)","Short"
199535,"It's a Boy (1920)","Comedy"
201122,"Jeolbeun poong gin ibyeol (1984)","Drama"
201143,"Jeolmeun shigyetab (1982)","Drama"
201144,"Jeolmeun shigyetab (1982)","Romance"
201468,"Jack o kavalaris (1979)","Comedy"
202050,"Jake 2.0: The Tech (2003) (TV)","Sci-Fi"
202672,"Jiang shi zhi zun (1987)","Horror"
203782,"Jawbreakers (2001) (V)","Adult"
204606,"Junky's Christmas, The (1993)","Animation"
204607,"Junky's Christmas, The (1993)","Short"
204742,"Just a Little Bull (1940)","Animation"
204743,"Just a Little Bull (1940)","Short"
204917,"Jiraiya (Ninjutsu sanyôden) (1937)","Action"
204918,"Jiraiya (Ninjutsu sanyôden) (1937)","Drama"
205439,"John and the Missus (1987)","Drama"
206855,"Juan Farías, el super hincha (2000)","Short"
206856,"Juan Farías, el super hincha (2000)","Documentary"
208693,"Karaoglan - Camoka'nin intikami (1966)","Adventure"
209211,"Just Jim (1915)","Drama"
209929,"Kadambari (1976)","Drama"
209930,"Kadambari (1976)","Romance"
210662,"Keep Your Mouth Shut (1944)","Animation"
210663,"Keep Your Mouth Shut (1944)","Short"
210664,"Keep Your Mouth Shut (1944)","War"
211361,"Khedda (1929)","Documentary"
211509,"Kibris volkani (1965)","Drama"
211510,"Kibris volkani (1965)","War"
212663,"Knight Rider (1982) (TV)","Thriller"
213192,"Killers, The (1964)","Crime"
213193,"Killers, The (1964)","Drama"
215067,"König Khandobas Jagdausflug (1992)","Documentary"
216124,"Komischer Heiliger, Ein (1979)","Comedy"
216551,"Korea (1954)","Documentary"
216937,"Krajiske brigade (1952)","Documentary"
216938,"Krajiske brigade (1952)","Short"
218203,"Laser Moon (1993)","Thriller"
219976,"Laddie (1940)","Drama"
220124,"Ladrona, La (1954)","Drama"
220554,"Lady, Let's Dance (1944)","Musical"
222868,"Leave It to Cleavage 2 (1989)","Adult"
223673,"Lei ting zhan jing (2000)","Action"
223892,"Lenin z Krakowa (1997)","Short"
223893,"Lenin z Krakowa (1997)","Documentary"
224657,"Licensed to Queer (2003)","Comedy"
224658,"Licensed to Queer (2003)","Short"
225419,"Little Women in Transit (1996)","Short"
226546,"Lionheart (1990)","Action"
227133,"Life Without Death (2000)","Documentary"
227508,"Lights! Camera! Orgy! (1979)","Adult"
230830,"Looking in the Fishbowl (2001)","Comedy"
230831,"Looking in the Fishbowl (2001)","Short"
231913,"Love Potion (1987)","Thriller"
233579,"Maa Aur Mamta (1970)","Drama"
235077,"Lovely Way to Die, A (1968)","Crime"
235078,"Lovely Way to Die, A (1968)","Drama"
235700,"Maechun 3 (1993)","Crime"
235876,"Magdanas lurja (1955)","Drama"
236235,"Magical Galatea, A (1907)","Short"
236343,"Magkaaway (1978)","Action"
236944,"Main Awara Hoon (1983)","Drama"
236945,"Main Awara Hoon (1983)","Family"
236980,"Main Street Kid, The (1948)","Comedy"
236981,"Main Street Kid, The (1948)","Fantasy"
237599,"Malfunction Boulevard (2003)","Short"
238027,"Mammary Memories (1977)","Short"
238704,"Making of 'The Prince and the Pauper', The (1978) (TV)","Documentary"
238758,"Making of a Male Model (1983) (TV)","Drama"
238759,"Making of a Male Model (1983) (TV)","Romance"
239049,"Marine Crucible (1997)","Adult"
239618,"Married? (1926)","Comedy"
239791,"Man from New Mexico, The (1932)","Western"
240276,"Man Who Could Cheat Death, The (1959)","Horror"
240277,"Man Who Could Cheat Death, The (1959)","Drama"
240467,"Man with No Shoes, The (1992)","Short"
240757,"Mapping for Defence (1957)","Short"
240758,"Mapping for Defence (1957)","Documentary"
241240,"Margots Freier (1919)","Short"
241312,"Maria på Kvarngården (1945)","Drama"
241502,"Man's Soul, A (1914)","Short"
242739,"Maîtresse pour couple (1979)","Adult"
243101,"Meaningful Sex (2000) (TV)","Comedy"
243102,"Meaningful Sex (2000) (TV)","Drama"
243103,"Meaningful Sex (2000) (TV)","Short"
243404,"Matchless (1973)","Drama"
244080,"Mechanical Doll, The (1901)","Fantasy"
244081,"Mechanical Doll, The (1901)","Short"
244433,"Medved (1961)","Comedy"
244641,"Meeting with... (1991) (TV)","Documentary"
244642,"Meeting with... (1991) (TV)","Short"
244919,"Marta y alrededores (1999)","Comedy"
245054,"Martori disparuti (1988)","Drama"
245074,"Martyrdom of Philip Strong, The (1916)","Drama"
245221,"Mary Shaffer: A Natural Force (1995)","Short"
245222,"Mary Shaffer: A Natural Force (1995)","Documentary"
245691,"Masseur (1998)","Short"
245796,"Meine Schwester Maria (2002)","Drama"
246121,"Melody Lingers On, The (1935)","Musical"
246305,"Memorias de fin de siglo (1999)","Documentary"
246353,"Memories of Old Manila (1993)","Short"
246387,"Memory of Berlin (1998) (TV)","Documentary"
248213,"Midnight Intruders (1987)","Romance"
248214,"Midnight Intruders (1987)","Thriller"
249601,"Minareti i portali (1952)","Documentary"
249603,"Minas de Angola (1953)","Documentary"
250623,"Mistry - altid den bedste (1996) (TV)","Documentary"
251984,"Miei più cari amici, I (1998)","Comedy"
251985,"Miei più cari amici, I (1998)","Thriller"
251988,"Miel et cendres (1996)","Drama"
252018,"Mies Marseillesta (1937)","Adventure"
252019,"Mies Marseillesta (1937)","Comedy"
252547,"Milhaeng (1975)","Action"
252548,"Milhaeng (1975)","Crime"
252549,"Milhaeng (1975)","Drama"
253134,"Moderne Zyklop, Der (2002)","Short"
253135,"Moderne Zyklop, Der (2002)","Animation"
253198,"Moeder zonder vrees (1969)","Documentary"
253242,"Moglie in vacanza... l'amante in città, La (1980)","Comedy"
253400,"Moje miasto (2002) (TV)","Drama"
253427,"Mokmeyeo bulleobwado (1969)","Drama"
254780,"Mondo candido (1975)","Adventure"
254781,"Mondo candido (1975)","Comedy"
254990,"Monique et Christiane (1976)","Documentary"
254991,"Monique et Christiane (1976)","Short"
255179,"Monosabio, El (1977)","Drama"
255235,"Monsieur mon chauffeur (1926)","Comedy"
256434,"Mr. Ima Jonah's Home Brew (1921)","Animation"
256435,"Mr. Ima Jonah's Home Brew (1921)","Comedy"
256436,"Mr. Ima Jonah's Home Brew (1921)","Short"
256733,"Mrs William Dixon (2002)","Short"
257163,"Muppet Movie, The (1979)","Family"
257164,"Muppet Movie, The (1979)","Comedy"
257165,"Muppet Movie, The (1979)","Musical"
259095,"Mujer de Benjamín, La (1991)","Comedy"
259409,"Mulmangcho (1960)","Drama"
259410,"Mulmangcho (1960)","Romance"
260416,"Music for UNICEF Concert: A Gift of Song, The (1979) (TV)","Music"
260604,"Musical Offering from the Vatican: A Papal Concert, A (1992) (TV)","Documentary"
260605,"Musical Offering from the Vatican: A Papal Concert, A (1992) (TV)","Music"
262000,"Nacht, in der ganz ehrlich überhaupt niemand Sex hatte, Die (2002) (TV)","Comedy"
262001,"Nacht, in der ganz ehrlich überhaupt niemand Sex hatte, Die (2002) (TV)","Romance"
263186,"Narodna biblioteka Srbije pod novim krovom (1976)","Documentary"
263187,"Narodna biblioteka Srbije pod novim krovom (1976)","Short"
263264,"Nasa tamnovanja (1954)","Documentary"
263265,"Nasa tamnovanja (1954)","Short"
263615,"Nationaal songfestival (1989) (TV)","Music"
264643,"Never Again (1915)","Comedy"
264644,"Never Again (1915)","Short"
264645,"Never Again (1915)","Western"
266253,"Nebraska Supersonic (2001)","Comedy"
266255,"Nebunia capetelor (1997) (TV)","Documentary"
266312,"Ned Kelly (1970)","Western"
266313,"Ned Kelly (1970)","Action"
266314,"Ned Kelly (1970)","Crime"
266969,"New Orleans After Dark (1958)","Crime"
268236,"Next (1912)","Comedy"
268237,"Next (1912)","Short"
268611,"Nicht alles was fliegt, ist ein Vogel (1979)","Animation"
269890,"No Fool Like an Old Fool (1914)","Comedy"
269961,"No Limits 4 (2003) (V)","Adult"
270070,"Not Tonight Henry (1961)","Comedy"
271110,"No Reservations (1995) (V)","Adult"
271211,"No te engañes corazón (1937)","Comedy"
271212,"No te engañes corazón (1937)","Drama"
271498,"Nobody's Perfect (2002)","Comedy"
271499,"Nobody's Perfect (2002)","Drama"
271551,"Noch minderjährig (1957)","Drama"
271695,"Nocna kafana (1967) (TV)","Drama"
271696,"Nocna kafana (1967) (TV)","Short"
272131,"Number's Alive! (1996) (TV)","Family"
272972,"Noor pensionär (1972) (TV)","Comedy"
273255,"North West One (1999)","Short"
273325,"Northwest Stampede (1948)","Western"
273502,"Not a Penny More, Not a Penny Less (1990) (TV)","Drama"
274125,"Oflag 64 (2001)","Documentary"
274126,"Oflag 64 (2001)","War"
275254,"On Prescription Only (1960)","Documentary"
275255,"On Prescription Only (1960)","Short"
275855,"Old English (1930)","Drama"
276273,"Në gjurmët e shekujve (1960)","Documentary"
276647,"Obey the Law (1924)","Comedy"
276648,"Obey the Law (1924)","Short"
278132,"On the High Card (1921)","Western"
279294,"One Round Jeff (1920)","Animation"
279295,"One Round Jeff (1920)","Comedy"
279296,"One Round Jeff (1920)","Short"
279751,"Only Woman in Town, The (1912)","Short"
281178,"Pals (1911)","Drama"
281179,"Pals (1911)","Short"
281227,"Palácio de Vênus (1980)","Drama"
281244,"Pamela Congreve (1914)","Drama"
281471,"Pandora's Clock (1996) (TV)","Action"
281472,"Pandora's Clock (1996) (TV)","Thriller"
281612,"Overland Riders (1946)","Western"
282421,"Pai Tirano, O (1941)","Comedy"
282559,"Oushou (1948)","Drama"
283435,"Overboard (1978) (TV)","Drama"
283743,"Other Side of Chelsea, The (1993) (V)","Adult"
283809,"Otherwise Known as Sheila the Great (1989) (TV)","Drama"
283810,"Otherwise Known as Sheila the Great (1989) (TV)","Family"
284190,"Our Gang Follies of 1936 (1935)","Comedy"
284191,"Our Gang Follies of 1936 (1935)","Family"
284192,"Our Gang Follies of 1936 (1935)","Short"
284516,"Panoramic View of Charleston Exposition (South Carolina) (1902)","Documentary"
284517,"Panoramic View of Charleston Exposition (South Carolina) (1902)","Short"
285711,"Parfum d'Yvonne, Le (1994)","Drama"
285712,"Parfum d'Yvonne, Le (1994)","Romance"
286161,"Particles in Space (1966)","Short"
287138,"Pastry Panic (1951)","Animation"
287139,"Pastry Panic (1951)","Short"
287229,"Patchwork (2003)","Short"
287552,"Patty (1962)","Drama"
288248,"Perra, La (1967)","Romance"
289666,"Payoff, The (1994) (V)","Adult"
290613,"Pendekar bujang lapok (1959)","Comedy"
290761,"Penny's Picnic (1938)","Short"
291061,"Pequeños gigantes, Los (1960)","Documentary"
291062,"Pequeños gigantes, Los (1960)","Drama"
292967,"Pick-up, The (1999)","Musical"
292968,"Pick-up, The (1999)","Short"
292969,"Pick-up, The (1999)","Comedy"
292970,"Pick-up, The (1999)","Romance"
294751,"Platoon Leader (1988)","War"
294752,"Platoon Leader (1988)","Drama"
295311,"Point douloureux, Le (1979)","Drama"
296680,"Police mondaine (1937)","Crime"
296819,"Political Discussion, A (1900)","Comedy"
297421,"Playful Pelican, The (1948)","Short"
297731,"Pleasure at Her Majesty's (1976) (TV)","Comedy"
298191,"Preston Sturges: The Rise and Fall of an American Dreamer (1990) (TV)","Documentary"
298536,"Pride of Ireland (2000)","Music"
298738,"Primal Instinct (1996) (V)","Adult"
299640,"Portugal de Mil Cores (1971)","Animation"
299807,"Poslednja trka (1979)","Drama"
301146,"Pourquoi t'as fait ça? (2001)","Short"
301586,"Prince Edward Island in Motion; Home of the Silver Black Fox Industry (1914)","Documentary"
301899,"Prins hatt under jorden (1980)","Family"
302177,"Prival strannikov (1991)","Crime"
302403,"Private Secretary, The (1935)","Comedy"
302793,"Productione Albanaises (1970)","Documentary"
304588,"Pumps (1999)","Documentary"
304589,"Pumps (1999)","Short"
305713,"Páginas en negro, Unas (1950)","Crime"
306540,"Rage (1966)","Drama"
306903,"Qaid (1975)","Drama"
306904,"Qaid (1975)","Romance"
306905,"Qaid (1975)","Thriller"
307038,"Qiu tian de yin xiang (1983)","Drama"
307204,"Quand on est amoureux c'est merveilleux (1999)","Short"
307785,"Queretaro 78 (1977)","Documentary"
307786,"Queretaro 78 (1977)","Short"
307929,"Question of Trust, A (1920)","Adventure"
308148,"Quiet Wedding (1941)","Comedy"
308999,"Ratnadeep (1979)","Drama"
309000,"Ratnadeep (1979)","Family"
309037,"Rats, The (2002) (TV)","Thriller"
309148,"Rave (2000)","Drama"
309859,"Red Riding Hood (1989)","Family"
310193,"Reed, México insurgente (1973)","Drama"
310194,"Reed, México insurgente (1973)","War"
310380,"Reaction Stick (1998)","Comedy"
310381,"Reaction Stick (1998)","Short"
310484,"Real Bullets (1990)","Action"
310485,"Real Bullets (1990)","Crime"
310782,"Rebaño, El (1997)","Sci-Fi"
310783,"Rebaño, El (1997)","Short"
311488,"Raju-Peda (1954)","Drama"
312414,"Revolução de 30 (1980)","Documentary"
312432,"Revolver: Calling the Shots (2002) (V)","Short"
314205,"Reportero, El (1987)","Action"
314206,"Reportero, El (1987)","Drama"
314531,"Respect the Law (1941)","Crime"
314532,"Respect the Law (1941)","Short"
314722,"Regard des autres, Le (1980)","Documentary"
316825,"Riusciranno i nostri eroi a ritrovare l'amico misteriosamente scomparso in Africa? (1968)","Adventure"
316826,"Riusciranno i nostri eroi a ritrovare l'amico misteriosamente scomparso in Africa? (1968)","Comedy"
316827,"Riusciranno i nostri eroi a ritrovare l'amico misteriosamente scomparso in Africa? (1968)","Fantasy"
317225,"Road Songs: A Portrait of Robbie Robertson (2001) (TV)","Documentary"
317226,"Road Songs: A Portrait of Robbie Robertson (2001) (TV)","Short"
317444,"Roar, Navy, Roar (1942)","Documentary"
317445,"Roar, Navy, Roar (1942)","Short"
318183,"Rocket Ranger (1963) (TV)","Animation"
318184,"Rocket Ranger (1963) (TV)","Short"
318591,"Rogue with a Heart, The (1916)","Short"
318797,"Rolling in the Sky: Red Arrows (1986) (V)","Documentary"
320927,"Romances de terre et d'eau (2002)","Documentary"
321547,"Roped by Radio (1925)","Western"
321756,"Rosary, The (1911)","Drama"
321757,"Rosary, The (1911)","Short"
321758,"Rosary, The (1911)","Romance"
322671,"Río de las ánimas, El (1964)","Fantasy"
322672,"Río de las ánimas, El (1964)","Horror"
322673,"Río de las ánimas, El (1964)","Western"
324898,"Sans titre - Drames brefs (2003)","Short"
325097,"Santiago (1956)","Adventure"
325841,"Samlaren (1989)","Documentary"
326089,"Scene in Legation Street, Shanghai (1901)","Documentary"
326090,"Scene in Legation Street, Shanghai (1901)","Short"
326337,"Scherzo - Verwitterte Melodie (1943)","Animation"
326338,"Scherzo - Verwitterte Melodie (1943)","Short"
329798,"Scènes d'amour en Bavière (1995)","Short"
330153,"Sealed Lips (1931)","Drama"
330154,"Sealed Lips (1931)","Short"
331889,"Seokhwachon (1972)","Drama"
335820,"Shadow Magic (2000)","Drama"
335821,"Shadow Magic (2000)","Romance"
335896,"Shadow of the Cat (1961)","Horror"
336054,"Shadows of Chinatown (1926)","Action"
336625,"Show-Off, The (1946)","Comedy"
336629,"Showa onna bakuto (1972)","Crime"
336630,"Showa onnamichi: Rashomon (1972)","Drama"
337744,"Sign Please (1933)","Comedy"
337745,"Sign Please (1933)","Short"
338896,"Short in the Saddle (1962)","Animation"
338897,"Short in the Saddle (1962)","Family"
338898,"Short in the Saddle (1962)","Short"
338899,"Short in the Saddle (1962)","Comedy"
338970,"She-Wolf, The (1931)","Drama"
339700,"Shin kitsune no tameki (1962)","Comedy"
339758,"Shindig! Presents British Invasion Vol. 2 (1992) (V)","Short"
341132,"Sk8 Life (2004)","Drama"
341154,"Skal vi være kærester? (1997)","Family"
341155,"Skal vi være kærester? (1997)","Short"
341495,"Skinny the Moocher (1939)","Comedy"
341496,"Skinny the Moocher (1939)","Short"
341571,"Skizbe (1967)","Short"
341572,"Skizbe (1967)","Documentary"
343246,"Sleeping with Seattle (1993) (V)","Adult"
343868,"Sniper 3 (2004) (V)","Action"
344725,"Solomon and Sheba (1959)","Drama"
344931,"Some Kind of Hero (1982)","Comedy"
344932,"Some Kind of Hero (1982)","Drama"
344933,"Some Kind of Hero (1982)","War"
344982,"Some of Your Bits Ain't Nice (1982)","Animation"
344983,"Some of Your Bits Ain't Nice (1982)","Short"
345604,"Sluts of the Nyle 2: Celebrity Sluts (2001) (V)","Adult"
345752,"Small Town Idol, A (1921)","Comedy"
345930,"Smil til fotografen (2000) (TV)","Documentary"
346520,"Social Secretary, The (1912)","Drama"
346521,"Social Secretary, The (1912)","Romance"
346522,"Social Secretary, The (1912)","Short"
346897,"Sol Bianca 2 (1991)","Animation"
347950,"Southern Comfort (1995) (V)","Adult"
348058,"Sovereign's Company (1970) (TV)","Drama"
348201,"Space Invaders '95 (1995) (VG)","Animation"
348202,"Space Invaders '95 (1995) (VG)","Sci-Fi"
348203,"Space Invaders '95 (1995) (VG)","Adventure"
348204,"Space Invaders '95 (1995) (VG)","Action"
349004,"Speelmeisje (1968)","Drama"
349005,"Speelmeisje (1968)","Short"
349959,"Son-Daughter, The (1932)","Drama"
350525,"Sons of the Sea (1925)","Adventure"
350751,"Standstill (1995)","Short"
350936,"Star Cuts 56: Ginger Lynn (1987) (V)","Adult"
350937,"Star Cuts 56: Ginger Lynn (1987) (V)","Short"
351607,"Spoonful of Sugar (2003)","Drama"
351608,"Spoonful of Sugar (2003)","Romance"
351609,"Spoonful of Sugar (2003)","Short"
351854,"Spray Jet (1986)","Documentary"
351855,"Spray Jet (1986)","Short"
352330,"Square Shooter (1935)","Western"
352695,"Staatsanwalt hat das Wort - Gefährliche Freundschaft, Der (1982) (TV)","Crime"
352696,"Staatsanwalt hat das Wort - Gefährliche Freundschaft, Der (1982) (TV)","Drama"
353569,"Starwoids (2001)","Documentary"
358129,"Sunce na cetiri zvonika (1976)","Documentary"
358130,"Sunce na cetiri zvonika (1976)","Short"
358212,"Sundeoki (1968)","Drama"
358640,"Susa - Mali (1984)","Documentary"
358641,"Susa - Mali (1984)","Short"
359211,"Swami MD #1: Coming to America (1999) (V)","Adult"
360599,"Substitute Wife, The (1994) (TV)","Drama"
362058,"Swedish Erotica 4 (1981)","Adult"
363391,"Tall, Dark and Handsome (1941)","Comedy"
363392,"Tall, Dark and Handsome (1941)","Crime"
363731,"Ta' det som en mand, frue! (1975)","Family"
364629,"Teenage Mother (1968)","Drama"
364956,"Teleftea Sinentefxi tou Nikou Svoronou: O Nikos Svoronos Milai gia ton Niko Poulantza (1988)","Documentary"
364957,"Teleftea Sinentefxi tou Nikou Svoronou: O Nikos Svoronos Milai gia ton Niko Poulantza (1988)","Short"
365253,"Tempest (1982)","Comedy"
365254,"Tempest (1982)","Drama"
365419,"Tatort - Veras Waffen (2003) (TV)","Thriller"
365420,"Tatort - Veras Waffen (2003) (TV)","Crime"
365443,"Tatort - Willkommen in Köln (1997) (TV)","Crime"
365872,"Tea at the Ritz (1963) (TV)","Comedy"
365993,"Team One (2003)","Action"
366001,"Teammates, The (2003) (TV)","Documentary"
366365,"Tatort - 3:0 für Veigl (1974) (TV)","Crime"
366401,"Tatort - Aus der Traum (1986) (TV)","Crime"
366492,"Tatort - Das stille Geschäft (1977) (TV)","Crime"
366508,"Tatort - Der Fremdwohner (2002) (TV)","Crime"
366509,"Tatort - Der Fremdwohner (2002) (TV)","Documentary"
366534,"Tatort - Der Prügelknabe (2003) (TV)","Crime"
366548,"Tatort - Der Tausch (1986) (TV)","Crime"
366549,"Tatort - Der Tausch (1986) (TV)","Drama"
366557,"Tatort - Der vierte Mann (2004) (TV)","Crime"
366626,"Tatort - Eiskalt (1997) (TV)","Crime"
366644,"Tatort - Feuerwerk für eine Leiche (1988) (TV)","Crime"
366645,"Tatort - Feuerwerk für eine Leiche (1988) (TV)","Drama"
366646,"Tatort - Feuerzauber (1977) (TV)","Crime"
366695,"Tatort - Hahnenkämpfe (1997) (TV)","Crime"
366735,"Tatort - Kalte Wut (2001) (TV)","Crime"
366741,"Tatort - Kein Kinderspiel (1980) (TV)","Crime"
366754,"Tatort - Kindstod (2001) (TV)","Crime"
366776,"Tatort - Leiche im Keller (1986) (TV)","Crime"
366781,"Tatort - Lockvögel (1996) (TV)","Crime"
366782,"Tatort - Lockvögel (1996) (TV)","Drama"
366801,"Tatort - Mord auf Raten (1980) (TV)","Crime"
366802,"Tatort - Mord auf Raten (1980) (TV)","Drama"
366803,"Tatort - Mord auf Raten (1980) (TV)","Thriller"
366809,"Tatort - Mord im Ministerium (1974) (TV)","Crime"
366824,"Tatort - Mordverdacht (1971) (TV)","Crime"
366859,"Tatort - Rattenlinie (2000) (TV)","Crime"
366860,"Tatort - Rattennest (1972) (TV)","Crime"
366899,"Tatort - Schimanskis Waffe (1990) (TV)","Crime"
366900,"Tatort - Schimanskis Waffe (1990) (TV)","Drama"
366904,"Tatort - Schlußverkauf (1978) (TV)","Crime"
366916,"Tatort - Schwarzer Advent (1998) (TV)","Crime"
366965,"Tatort - Tod aus der Vergangenheit (1992) (TV)","Crime"
366966,"Tatort - Tod aus der Vergangenheit (1992) (TV)","Drama"
367020,"Tatort - Tödlicher Treff (1987) (TV)","Crime"
367745,"Tarzan Finds a Son! (1939)","Action"
367746,"Tarzan Finds a Son! (1939)","Adventure"
367985,"Terra (2003)","Animation"
367986,"Terra (2003)","Drama"
367987,"Terra (2003)","Sci-Fi"
367988,"Terra (2003)","Short"
368711,"Tetri mkhedari (1929)","Drama"
368712,"Tetri mkhedari (1929)","War"
369563,"Terminal Case of Love (1998) (V)","Adult"
370014,"They Nest (2000) (TV)","Sci-Fi"
370015,"They Nest (2000) (TV)","Horror"
370072,"They Won't Believe Me (1947)","Film-Noir"
371344,"Thema's van de inspiratie (1938)","Documentary"
371462,"Thunderbirds (1952)","Drama"
371463,"Thunderbirds (1952)","War"
371806,"Tiddly-Winks (1927)","Comedy"
371807,"Tiddly-Winks (1927)","Short"
372580,"Time Killer (2002)","Action"
372581,"Time Killer (2002)","Thriller"
373447,"Three Men on a Horse (1936)","Comedy"
373839,"Thrills of Music: Skitch Henderson and His Orchestra (1948)","Short"
373840,"Thrills of Music: Skitch Henderson and His Orchestra (1948)","Music"
374373,"This Pretty Planet: Tom Chapin in Concert (1992) (V)","Family"
376251,"To Please One Woman (1920)","Drama"
376456,"Toboy Tobaye (1974)","Documentary"
376457,"Toboy Tobaye (1974)","Short"
376665,"Tortured Passions (1994) (V)","Adult"
376671,"Toruko 110-ban: monzetsu kurage (1978)","Romance"
377586,"Tony's Big Brother (1993) (V)","Adult"
377727,"Too Much Harmony (1933)","Musical"
378116,"Tor zum Garten der Träume, Das (1977) (TV)","Documentary"
378159,"Torchy Plays with Dynamite (1939)","Mystery"
378685,"Trip Around the Union Loop (1903)","Documentary"
378686,"Trip Around the Union Loop (1903)","Short"
379019,"Trois couronnes du matelot, Les (1983)","Drama"
379020,"Trois couronnes du matelot, Les (1983)","Fantasy"
379529,"Trelaras, O (1963)","Comedy"
379676,"Tres historias de amor (1978)","Drama"
379677,"Tres historias de amor (1978)","Romance"
379678,"Tres historias de amor (1978)","Short"
380007,"Trials of Life (1997) (TV)","Drama"
380773,"Trails of the Golden West (1931)","Western"
381102,"Transaction (1986) (V)","Adult"
381475,"Trastevere (1971)","Comedy"
381507,"Trauma (1962)","Horror"
382215,"Two Roaming Champs (1950)","Short"
382216,"Two Roaming Champs (1950)","Comedy"
382660,"Tänzer meiner Frau, Der (1925)","Comedy"
382661,"Tänzer meiner Frau, Der (1925)","Drama"
382915,"Tu, mi amor... (1998)","Musical"
382916,"Tu-no (1999)","Comedy"
382917,"Tu-no (1999)","Short"
382987,"Tudo é Música (1957)","Comedy"
382988,"Tudo é Música (1957)","Musical"
385143,"Twins' Tea Party, The (1897)","Comedy"
385144,"Twins' Tea Party, The (1897)","Short"
385613,"U nikh yest rodina (1950)","War"
386069,"Uit onze zwarte vijvers (2000) (TV)","Documentary"
386107,"Ukhodya, ostayutsya (1987)","Drama"
386731,"Und tschüss! - Ballermann olé (1997) (TV)","Comedy"
386757,"Under a Flag of Truce (1912)","Drama"
386758,"Under a Flag of Truce (1912)","Short"
386862,"Under Polarkredsens himmel (1921)","Documentary"
386863,"Under Polarkredsens himmel (1921)","Short"
389250,"Up in Mabel's Room (1944)","Comedy"
389895,"Unknown Cyclist, The (1998)","Drama"
390003,"Unmasked (1929)","Mystery"
390283,"Unstrung Heroes (1995)","Drama"
390287,"Unsullied Shield, An (1913)","Drama"
390288,"Unsullied Shield, An (1913)","Short"
390777,"Valley of the Giants (1938)","Adventure"
391349,"Varavu Ettana Selavu Pathana (1994)","Drama"
391620,"Utgo saneun Park Seo-bang (1972)","Drama"
391935,"V trestném území (1947)","Crime"
391936,"V trestném území (1947)","Drama"
393316,"Venus Blue (1998)","Short"
394191,"VH-1 to One: Paula Abdul (1992) (TV)","Documentary"
394621,"Victim, The (1930)","Short"
394905,"Vase srce je u vasim rukama (1977)","Documentary"
394906,"Vase srce je u vasim rukama (1977)","Short"
395243,"Veine, La (1928)","Comedy"
395350,"Velké prání (1981)","Drama"
395523,"Veneno para las hadas (1984)","Fantasy"
395524,"Veneno para las hadas (1984)","Horror"
395525,"Veneno para las hadas (1984)","Mystery"
395850,"Vita jela zelen bor (1967)","Documentary"
395851,"Vita jela zelen bor (1967)","Short"
396322,"Vo l'dakh okeana (1953)","Documentary"
396458,"Voice of Hollywood No. 3, The (1929)","Short"
396535,"Voices, The (1955) (TV)","Drama"
396536,"Voices, The (1955) (TV)","Sci-Fi"
397138,"Vow to Kill, A (1995) (TV)","Drama"
397139,"Vow to Kill, A (1995) (TV)","Mystery"
397857,"Virginian, The (2000) (TV)","Western"
398176,"Voz del deber, La (1927)","Documentary"
398177,"Voz del deber, La (1927)","Short"
398777,"Vérité nue, La (2001)","Short"
399281,"Wedding on the Volga, The (1929)","Drama"
399458,"Weekend In Diego (2000) (V)","Adult"
399529,"Wei le liu shi yi ge jie ji xiong di (1960)","Crime"
399629,"Weiße Stadt, Die (1980) (TV)","Drama"
399941,"Wastelands (1993)","Drama"
399942,"Wastelands (1993)","Short"
400266,"Waterloo po cesku (2002)","Comedy"
400412,"Way of a Man with a Maid, The (1912)","Drama"
400413,"Way of a Man with a Maid, The (1912)","Short"
400465,"Way of the World, The (1920)","Drama"
401399,"Warning: Parental Advisory (2002) (TV)","Drama"
401400,"Warning: Parental Advisory (2002) (TV)","Comedy"
401401,"Warning: Parental Advisory (2002) (TV)","Music"
402250,"Wall Street Tragedy (1916)","Drama"
402670,"Weryfikacja (1987)","Drama"
404082,"Where the Buffalo Roam (1966) (TV)","Drama"
404809,"When Baby Forgot (1917)","Drama"
405863,"Who Killed Doc Robbin? (1948)","Comedy"
405864,"Who Killed Doc Robbin? (1948)","Horror"
406372,"Wild Pair, The (1987)","Crime"
407490,"Wives of the Prophet, The (1926)","Romance"
407491,"Wives of the Prophet, The (1926)","Drama"
407946,"Wind of Changes, The (1996)","Short"
409619,"Woman and Wife (1918)","Drama"
410733,"Ya shagayu po Moskve (1963)","Comedy"
410734,"Ya shagayu po Moskve (1963)","Romance"
411085,"Yank in Viet-Nam, A (1964)","War"
411294,"Wonhanui gongdongmyuji (1983)","Horror"
411469,"Woof! Woof! Uncle Matty's Guide to Dog Training (1997) (V)","Short"
411470,"Woof! Woof! Uncle Matty's Guide to Dog Training (1997) (V)","Documentary"
411519,"Word's Fail (2000)","Short"
412042,"Wozu denn über diese Leute einen Film (1980)","Documentary"
412043,"Wozu denn über diese Leute einen Film (1980)","Short"
412427,"Wu ye qing sha an (1954)","Crime"
412526,"WWF Attitude (1999) (VG)","Action"
413208,"Young People's Concerts: Holst - Planets, The (1972) (TV)","Music"
413508,"Youthquake! (1975)","Documentary"
414051,"Yorokobi mo kanashimi mo ikutoshitsuki (1957)","Drama"
414250,"You Can't Stop on a Dime (1954)","Drama"
414251,"You Can't Stop on a Dime (1954)","Short"
414305,"You jian chin tian (1981)","Romance"
414799,"Yearning for Love (1926)","Comedy"
414800,"Yearning for Love (1926)","Short"
415131,"Yeomen of the Guard, The (1978) (TV)","Musical"
415215,"Yes & No (2000)","Animation"
415881,"Zahrada (1968)","Animation"
415882,"Zahrada (1968)","Short"
416166,"Zarte Saftmösen (1997) (V)","Adult"
416219,"Zatoichi sakate giri (1965)","Action"
416220,"Zatoichi sakate giri (1965)","Adventure"
416221,"Zatoichi sakate giri (1965)","Drama"
417521,"Zendegi dar meh (1999)","Documentary"
417522,"Zendegi dar meh (1999)","Short"
417751,"Zhenshchina i chetvero yeyo muzhchin (1984)","Drama"
418276,"Ångsjömannen (1999) (V)","Adult"
418998,"Øllet på bjerget (2001)","Short"
419661,"À la vitesse d'un cheval au galop (1992)","Comedy"
419743,"Água e Sal (2002)","Drama"
419848,"Ángeles de Puebla, Los (1968)","Drama"
419849,"Ángeles de Puebla, Los (1968)","Comedy"
419850,"Ángeles de Puebla, Los (1968)","Fantasy"
